0,1,2,3,4,5,6,7,8,9,10,11
0.4293844144478733,0.4293844144478733,0.4293844144478733,0.4293844144478733,-9.459189558556169e-32,-3.089444632960826e-32,5.6452469308156234e-33,2.6868102904106814e-32,-2.4360049770936349e-32,-3.867675663694243e-32,-1.1480265223475673e-33,1.1401279307960613e-31
1.0000000099150148,1.0000000099374202,1.0000000099511044,1.0000000099384276,1.0000000098441517,0.19076688366004543,-1.0000000098577062,-0.18875523507244665,0.1935298512051324,1.0000000098509432,-0.15718135971342453,-1.000000009850959
1.000000009932973,1.0000000099410873,1.0000000099479176,1.0000000099416748,1.0000000097892903,-0.11091398374749367,-1.0000000098152817,0.10976288760064275,-0.12992615649455722,1.000000009802696,0.09427662271182359,-1.0000000098027142
1.0000000099416606,1.0000000099434,1.000000009945355,1.000000009943732,1.0000000096988677,-0.07682722421454526,-1.0000000097522515,0.07603904250283584,-0.06894636907682335,1.000000009727371,0.058547598649783955,-1.0000000097274462
1.000000009946025,1.000000009944673,1.000000009943441,1.0000000099448512,1.0000000095368748,-0.05301012014225813,-1.0000000096519746,0.05281517641514608,-0.03662807852526349,1.0000000096009798,0.040987168048901526,-1.0000000096012205
1.0000000099479007,1.0000000099450834,1.000000009942044,1.000000009945174,1.0000000092079493,-0.032323810188500265,-1.000000009477173,0.032342031638062936,-0.018715786571840545,1.0000000093661983,0.023885725463411438,-1.0000000093668362
1.0000000099481121,1.0000000099447284,1.000000009940924,1.0000000099447763,1.0000000083863192,-0.015286864448606469,-1.0000000091297245,0.015333262142057642,-0.007636301294110167,1.0000000088570498,0.010129437552346165,-1.0000000088586471
1.000000009947071,1.0000000099436488,1.0000000099397894,1.0000000099436839,1.000000005274911,-0.002368558697089898,-1.0000000082768936,0.002378261753245616,-0.0005374389825622874,1.0000000074157904,0.0004096855771896379,-1.0000000074200075
1.0000000099449977,1.00000000994184,1.0000000099383408,1.0000000099418804,0.9999999440208587,0.0059907650770874895,-1.0000000051027718,-0.006014353941991551,0.0036711834683986404,1.0000000001015354,-0.0052077425345231024,-1.0000000001146636
1.0000000099420898,1.0000000099392519,1.0000000099362918,1.0000000099393065,0.05860789126959382,0.009854425829371037,-0.9999999445880163,-0.009885306340531055,0.0055485861978513224,0.5622866880700984,-0.007102237239691283,-0.5601983100179271
1.0000000099387927,1.0000000099361417,1.0000000099334903,1.000000009936213,0.0220980549512598,0.010586413212164093,0.023710887018572227,-0.010606552390554705,0.00576791968089178,-0.05159060447326201,-0.006856603553375377,0.0539487400637563
1.0000000099352526,1.0000000099327695,1.0000000099303168,1.0000000099328568,0.026182343512812387,0.010150453538812141,0.08691896344250781,-0.010157021848573975,0.005371979702122126,-0.024205277561033387,-0.006275736124716823,0.0260021757763471
1.0000000099314534,1.0000000099291457,1.000000009926897,1.0000000099292479,0.02764970858438239,0.00956434281096957,0.07616229521629879,-0.00956067922104297,0.005008392275763247,-0.020368993034298614,-0.005784239520890819,0.021774284841909727
1.0000000099273703,1.000000009925245,1.0000000099232058,1.0000000099253619,0.028396269207960335,0.008977613947967221,0.06819242066463953,-0.008966765394819018,0.004665434276908142,-0.016772492437918236,-0.005314284055605517,0.017824570209140134
1.0000000099229756,1.00000000992104,1.0000000099192148,1.0000000099211703,0.028390055160389612,0.0084021495003062,0.06127644484085616,-0.008386613379379605,0.00434040816395463,-0.013996276013469353,-0.004866358058114048,0.014736533903723857
1.000000009918238,1.0000000099164987,1.0000000099148918,1.0000000099166415,0.02766704771526462,0.007836338828891986,0.05535084922787244,-0.007818140296315152,0.004031068692354303,-0.011977449336064478,-0.00443952453439992,0.012443279996758476
1.0000000099131223,1.0000000099115853,1.0000000099102007,1.0000000099117397,0.02626385189270874,0.007278168480738347,0.05034104947469158,-0.007258928527005396,0.003735542960781826,-0.010669416845084866,-0.004033136105788546,0.010895225985094478
1.0000000099075883,1.0000000099062598,1.0000000099051005,1.0000000099064241,0.024219184569518402,0.006726653932955093,0.04618279815948286,-0.00670763946478102,0.0034522983244163227,-0.010028847305816626,-0.003646794391700879,0.010046655362060978
1.00000000990159,1.0000000099004758,1.000000009899545,1.0000000099006492,0.021573462659814097,0.006181845805219961,0.042820770794461005,-0.006164009526983999,0.0031800928230055056,-0.01001549909595497,-0.0032803369630381132,0.009855450659451566
1.0000000098950752,1.0000000098941806,1.0000000098934814,1.0000000098943618,0.01836823886752957,0.0056446641468755636,0.04020745969091125,-0.00562867890575717,0.0029179176214611307,-0.010592039676210918,-0.002933820342983534,0.010282833415904781
1.000000009887984,1.0000000098873145,1.0000000098868493,1.000000009887502,0.014645484412639702,0.0051167187171104475,0.03830222916465478,-0.0051030089529280715,0.0026649317443232317,-0.01172398129030556,-0.002607503568420037,0.01129324166115716
1.0000000098802475,1.0000000098798083,1.00000000987958,1.0000000098800006,0.010446748819686411,0.004600134464450748,0.037070522331267355,-0.004588906248209296,0.0024203885140369977,-0.013379717733657485,-0.002301836914837343,0.012854333614967808
1.0000000098717863,1.0000000098715824,1.0000000098715938,1.0000000098717785,0.005812228209551283,0.004097383847332117,0.03648321127508741,-0.00408865428336424,0.0021835520160786203,-0.015530648000775672,-0.002017460975031018,0.014937109413001106
1.0000000098625081,1.0000000098625448,1.000000009862799,1.0000000098627433,0.0007797729820444971,0.0036111258172664275,0.03651608383216109,-0.003604752418108813,0.0019536002303043643,-0.01815137327731759,-0.0017552225463181397,0.01751614632542515
1.0000000098523056,1.0000000098525883,1.000000009853089,1.0000000098527886,-0.004616136875313183,0.0031440507779475196,0.03714946164540007,-0.00313976248705538,0.0017295088114412805,-0.02121995430528203,-0.0015162160952158967,0.020569948087518667
1.0000000098410537,1.000000009841588,1.0000000098423396,1.0000000098417896,-0.010345425312793826,0.002698728781520238,0.03836794538822888,-0.0026961646137715115,0.0015099052810143884,-0.024718216381448034,-0.0013018635450027377,0.024081416541698392
1.0000000098286055,1.000000009829397,1.0000000098304054,1.0000000098296005,-0.01638344584252857,0.0022774522402052933,0.04016028399275695,-0.002276226224595833,0.0012928765592273692,-0.028632088659047598,-0.001114051869029611,0.028038465385987497
1.0000000098147874,1.0000000098158426,1.0000000098171151,1.0000000098160495,-0.022711992305674073,0.001882049705446992,0.04251936546784402,-0.0018818945685317413,0.0010757014051411698,-0.032951962117330244,-0.0009553594626505189,0.03243481444331614
1.0000000097993944,1.0000000098007196,1.0000000098022659,1.0000000098009334,-0.029320304859519884,0.001513613605438781,0.04544232902924605,-0.0015147392460798006,0.000854459980983644,-0.037673045201820396,-0.0008294220426862249,0.037271034790953915
1.0000000097821815,1.0000000097837833,1.0000000097856163,1.0000000097840103,-0.03620612243867654,0.0011720119170563184,0.048930810094662984,-0.0011760099453123566,0.000623439443056808,-0.04279568679082591,-0.000741522714312685,0.04255597458870124
1.0000000097628552,1.0000000097647401,1.0000000097668766,1.0000000097649904,-0.04337695720308116,0.0008549039880908178,0.05299138471476822,-0.0008669602996745303,0.00037419820698567546,-0.04832562710570667,-0.0006995466909895114,0.04830881639290722
1.0000000097410608,1.0000000097432342,1.000000009745698,1.0000000097435255,-0.05085215809131056,0.0005556903160628373,0.05763649278533514,-0.0005897653946132215,9.40630600767969e-05,-0.054274155957121255,-0.0007155235959099437,0.05456227913974054
1.0000000097163682,1.0000000097188322,1.0000000097216553,1.000000009719193,-0.05866750505143611,0.0002592975921564861,0.06288683200467943,-0.00034969938230201895,-0.00023628387098871857,-0.060658309261631085,-0.0008080710927815938,0.06136806104064865
1.0000000096882493,1.000000009691001,1.0000000096942288,1.000000009691477,-0.06688731374923736,-6.619491677081502e-05,0.06877832488845023,-0.0001598442961584068,-0.0006465642292673061,-0.06750183830222901,-0.0010060612593959717,0.06880688842143175
1.000000009656053,1.000000009659078,1.0000000096627752,1.0000000096597437,-0.07563712175794002,-0.0004854754399218282,0.07538233177523627,-5.059810594038395e-05,-0.0011823382626092564,-0.07483956199075392,-0.0013534965123696366,0.07700813542737776
1.0000000096189667,1.0000000096222303,1.0000000096264925,1.0000000096232085,-0.08518815914907468,-0.0011248043729109765,0.08286089496323593,-8.775321954157863e-05,-0.0019117485679633341,-0.08273265573283689,-0.001914369674805297,0.08618882597488255
1.0000000095759685,1.000000009579397,1.000000009584369,1.0000000095808927,-0.09616076241134978,-0.0022213783054513578,0.09160615553533565,-0.0004049511735971797,-0.0029312982800316,-0.09131371961226807,-0.002773410912275117,0.09672974161398709
1.0000000095257568,1.0000000095292048,1.0000000095351136,1.0000000095315678,-0.10997552765587681,-0.004203005783759096,0.10256294237448378,-0.00125871265573984,-0.004364735283247654,-0.10090275087286096,-0.004023589110011654,0.10931700639433095
1.000000009466657,1.0000000094698422,1.0000000094770567,1.000000009473681,-0.1297678964869666,-0.007808237828963476,0.11791044693836969,-0.003116547344373106,-0.0063442640808242,-0.11227219551693517,-0.005725315742184842,0.12518763262089289
1.000000009396483,1.0000000093988668,1.0000000094080035,1.0000000094052592,-0.1620689591428545,-0.014253378545642506,0.14237159564224114,-0.0067902694721788575,-0.008960672957736041,-0.1271873044463049,-0.007821122392676332,0.14651936662993087
1.0000000093123371,1.0000000093128962,1.0000000093250054,1.0000000093237826,-0.2195722227719132,-0.02544185834455415,0.18548109559196158,-0.013627427776382857,-0.012176371162475318,-0.14938289436493338,-0.010005274332711582,0.17698818247519338
1.0000000092102748,1.0000000092071049,1.000000009223963,1.000000009226006,-0.32512887176992383,-0.04419103557638616,0.2650741603723326,-0.02577511062054023,-0.015723231096824813,-0.1860978855614786,-0.011596356538770053,0.22247603568059854
1.0000000090846088,1.000000009074381,1.0000000090987922,1.000000009107668,-0.5165966804843439,-0.07442384078796593,0.41188923146842993,-0.0465357734762714,-0.019058225530420844,-0.25006725779667327,-0.011547902999543754,0.2918635122999914
1.0000000089259782,1.000000008903872,1.0000000089392622,1.0000000089628809,-0.8512204885061379,-0.12124985475815261,0.6742547406469044,-0.08084455812236101,-0.021496045602963962,-0.36134216412417114,-0.00882176027369321,0.39783412419364383
1.0000000087199528,1.0000000086784124,1.000000008725499,1.000000008782545,-0.9999998910384124,-0.190869953408756,0.9999996062532103,-0.1358840755601336,-0.022642123675864483,-0.5474438975881397,-0.0033319806165865618,0.5576924204591893
1.000000008447641,1.0000000083686824,1.0000000084256706,1.0000000085507559,-0.9999999678096736,-0.2904711046325326,0.9999999491055112,-0.22153999985868128,-0.023147067399317676,-0.8396767467987902,0.003219232970114428,0.7937478859888625
1.0000000080802678,1.00000000792227,1.0000000079958042,1.000000008238963,-0.9999999855182773,-0.42753781348851094,0.9999999796422304,-0.3501750548998935,-0.024361371520059367,-0.9999998309567021,0.008172887351598442,0.999999650071705
1.0000000075686684,1.0000000072481205,1.000000007358218,1.000000007800123,-0.9999999928272232,-0.6066700329354452,0.9999999900303485,-0.5345248670398175,-0.026919156691988758,-0.9999999494392124,0.009700081824487287,0.999999926398807
1.0000000068271842,1.0000000061705054,1.0000000063710732,1.000000007151603,-0.9999999965921079,-0.8259743311537847,0.9999999949004653,-0.7831936610398715,-0.030476391588096476,-0.9999999738802732,0.007184258138851252,0.9999999641926312
1.0000000056968936,1.000000004297158,1.0000000047530773,1.0000000061207541,-0.9999999987528643,-0.999999395711258,0.9999999975283017,-0.9999995252968223,-0.03401323857765507,-0.999999983495632,0.0010534404468458575,0.9999999779593798
1.0000000038546903,1.0000000006609429,1.0000000018838526,1.0000000043374622,-1.0000000000477562,-0.999999870457253,0.9999999990247237,-0.9999999066053892,-0.03594131966377256,-0.9999999880798649,-0.007203856376634882,0.9999999844435201
1.0000000005533372,0.9999999923387345,0.9999999961657314,1.0000000008816976,-1.0000000008071401,-0.999999927153175,0.9999999998536687,-0.9999999510317645,-0.03447049771587654,-0.999999990273397,-0.015354342525669593,0.9999999876893281
0.9999999936837578,0.9999999662246457,0.9999999823003127,0.999999992681063,-1.000000001190833,-0.999999946752717,1.0000000002303886,-0.9999999663472313,-0.028031739645920806,-0.9999999910080357,-0.020902930520578393,0.9999999890735634
0.9999999746476015,0.9999997433403387,0.9999999307999516,0.9999999618050127,-1.0000000012738872,-0.9999999547780738,1.0000000002547447,-0.9999999726538509,-0.015777656516322364,-0.9999999906009358,-0.021738558382449695,0.999999989082917
0.9999998391973395,0.8488637213090913,0.9859590040821683,0.9041043332946365,-1.0000000010799175,-0.9999999569312182,0.9999999999638068,-0.9999999743936673,0.0017140212798096297,-0.9999999891472591,-0.0170357033117346,0.9999999878075891
0.720199919019838,0.6989631611215751,0.7075684920397906,0.6794972763201429,-1.000000000655951,-0.9999999550950931,0.9999999994403679,-0.9999999732894954,0.01193289627392718,-0.9999999869075821,-0.015938278997012407,0.999999985366921
0.5876554767504849,0.9020847647821267,0.5979927019766138,0.8099606290361555,-1.0000000001378826,-0.9999999487734593,0.9999999988011697,-0.9999999695783264,0.007537100694256312,-0.9999999834371177,-0.027086417020210175,0.9999999812097559
0.6756661604421417,0.9999999208367822,0.6804055452528127,0.9999971764531468,-0.9999999994435795,-0.999999933902928,0.9999999979039825,-0.9999999595659381,0.0022275761477275778,-0.9999999767419847,-0.03922245570383257,0.9999999722192771
0.8854379439361341,0.9999999691967086,0.9000206213069538,0.9999999249856845,-0.999999998268902,-0.9999998978808269,0.9999999963475578,-0.9999999335867042,0.008963580480709657,-0.9999999635233515,-0.04021180233718584,0.9999999515631504
0.9999997066914147,0.9999999834241157,0.9999998319017229,0.9999999705230518,-0.9999999962013164,-0.9999997473489013,0.999999993604983,-0.9999998434411088,0.02906027631972767,-0.999999932810137,-0.02753200060852513,0.999999891961904
0.9999999176065633,0.9999999896272124,0.9999999395781027,0.9999999837637694,-0.9999999927385126,-0.9143292980599959,0.9999999890158542,-0.9656075906747985,0.056013423935955674,-0.9999998132065797,-0.006561541848867331,0.9999990779950253
0.9999999575325926,0.9999999922200372,0.9999999658527817,0.9999999889465603,-0.999999986699241,-0.6486459338247792,0.9999999808479001,-0.6922546780171578,0.08124186051263096,-0.9303788391975298,0.013899743673410245,0.7801106090095293
0.9999999732946185,0.999999992668672,0.9999999770450225,0.999999990985653,-0.999999973981057,-0.3909231130647051,0.9999999630767766,-0.45859869664231107,0.09854289059974432,-0.6952318340758085,0.027360504803162974,0.5714677493568292
0.9999999813790496,0.9999999916598746,0.9999999828305423,0.9999999915435913,-0.9999999313201486,-0.1460864947688746,0.999999899137774,-0.26192364902881027,0.10494058929714209,-0.5161562516404992,0.030782697903889558,0.40850868333756896
0.9999999858072122,0.9999999894310326,0.9999999856487822,0.9999999910881378,-0.9034719203918897,-6.51600323472993e-07,0.8967967249068073,-0.09649277400700572,0.10072902253162294,-0.3762399452107505,0.02476351648684817,0.27791862176647386
0.9999999859743584,0.9999999861490955,0.9999999854609465,0.9999999895904259,-0.23490787902114474,2.4922664888927206e-08,0.43789260475483804,-1.3074537673732602e-06,0.08865841100671523,-0.2603786922008161,0.013088046258517871,0.16983421022120607
0.9999999819080231,0.9999999818534543,0.9999999816900543,0.9999999868002063,-7.261575046630666e-08,2.2851775599502818e-08,0.029481698498379148,9.144803651374818e-08,0.07261762070660256,-0.1605234584825526,0.0011497059470480465,0.07871760215515465
0.9999999743641859,0.9999999759639232,0.9999999741646654,0.9999999823196504,1.660379814984739e-09,1.8576437759405613e-08,-2.1331875634782575e-10,8.060722514112257e-08,0.056103885000543134,-0.07229012686867592,-0.007361023317654828,0.0018209199189815767
0.9999999620127266,0.9999999670085679,0.9999999616690418,0.9999999753957453,4.554333266839854e-09,1.3683478512746545e-08,-2.0078694785858764e-08,6.473695357426405e-08,0.04091751164922101,0.006701222448213184,-0.0116845498959839,-0.0634959251434033
0.9999999393193506,0.9999999517192607,0.9999999386237352,0.9999999644296546,7.528655428796207e-09,1.0201218377899196e-08,-1.834878941954781e-08,4.311113269519719e-08,0.02719313922773775,0.07771623464245576,-0.012779697114157327,-0.11974871611142364
0.9999998879556803,0.9999999211562005,0.9999998859770398,0.9999999455899656,1.0872250026187747e-08,1.0095134588300733e-08,-1.6396219670371557e-08,1.4560915505027112e-08,0.014442534730207108,0.14142079313369743,-0.012122108455961789,-0.16906887796037806
0.9999996937554307,0.9999998399212469,0.9999996812389956,0.9999999068438273,1.774832887720258e-08,1.528250291805503e-08,-2.0804089212463164e-08,-2.1082767245349617e-08,0.0024654196661103994,0.1982501605326941,-0.010837572932208871,-0.21311032289155138
0.9646945652579183,0.9999993290978941,0.9606412700090748,0.9999997790094685,3.731411907340388e-08,4.092317262454553e-08,-4.477073023094475e-08,3.9841826636429876e-07,-0.007749488660571983,0.24879694288485124,-0.00903343210513004,-0.25295101840591583
0.8342145044449184,0.9397306208863808,0.833893670982477,0.9608095777380412,6.439986559477932e-08,2.099279538722469e-07,-6.94045501164042e-08,0.027771981854458557,-0.01347079106579572,0.29330795314958896,-0.0053798640031629714,-0.2884727523899999
0.7393719128410832,0.8040618795532452,0.7389599163401767,0.817013420798566,2.657916870851482e-07,0.019622439739705504,-7.309195525176084e-05,0.11470779933624678,-0.015681399559000993,0.3301055453341916,-0.0013153407257739218,-0.31975591370980616
0.6593782463229596,0.6887979728935493,0.652178649572918,0.700775343232598,0.0832483762687635,0.12960670834295368,-0.16455320448713817,0.18963342569924768,-0.017320445659621778,0.3592697790829517,0.0006766751696239359,-0.34809956527887764
0.5704589754330902,0.5875094099858695,0.5569589179791509,0.5988804743533694,0.269279848220983,0.2173629612712125,-0.30492461484428746,0.25353138404752673,-0.018600619257797445,0.3842253660848852,0.0009942678042643791,-0.3749491168692797
0.4777298232033307,0.4977168877324346,0.4610281936334702,0.5081333691771026,0.4019020739971877,0.28523986012284175,-0.4158312828357527,0.30728107342532995,-0.01966947540241583,0.40650562604011603,0.00034817668225536164,-0.4003331443553726
0.39530631427927687,0.4184488399150294,0.37364420198472226,0.4276211023044678,0.4939618774498471,0.33582384029698575,-0.4984023500414467,0.35149961937853935,-0.020719402283064958,0.4263249837290663,-0.0006958125118121534,-0.4237923845585101
0.32603773370912115,0.3495148934646633,0.30214572941267825,0.35734212025520223,0.557216529255491,0.37213682749201354,-0.5567977860986413,0.38660330445724944,-0.021853477079023145,0.44344960899938857,-0.0018225098167893952,-0.4447721235194877
0.2701732880308484,0.2911165120153772,0.24889988348699205,0.2975356162868409,0.6002977354404652,0.39734574779308257,-0.5967424091605043,0.4131075625058653,-0.023046722223747602,0.4577166753306343,-0.0028898994457378104,-0.4628044162227995
0.22827195945731238,0.24353994390409384,0.21212840862779933,0.24850742064894,0.6292830066079044,0.41438980485676835,-0.6236485124254907,0.4318298590942865,-0.024181167535121433,0.46923623018182725,-0.0038189714087078523,-0.4776097913950217
0.2003767932569226,0.20688920624810272,0.18898703038505624,0.2105598877745915,0.6484990782291166,0.42570823904451355,-0.6416273934817857,0.4438947326316179,-0.025104451496353025,0.47837132337569077,-0.004522660987774062,-0.4891433738157178
0.18544381460771844,0.18094325732387226,0.17730885073469033,0.1838174165485261,0.660935238371055,0.43312276088718127,-0.6534252520408839,0.4505665436528369,-0.025661122944081963,0.4856085406918256,-0.004882904570878426,-0.4975714520175453
0.18182416162983442,0.16514118901621877,0.1755856220033343,0.16803524943595718,0.6684747776117018,0.4378523385399593,-0.6607089335913497,0.4530109449325849,-0.025689816793933198,0.4914172544412707,-0.004750128232490487,-0.5031691219216491
0.18776569890158865,0.15865025701727709,0.1825110622772402,0.16250615710007446,0.6721322011884346,0.44060076861349023,-0.6643562602476147,0.45211125759158516,-0.0250148087646814,0.4961476442661913,-0.003950970083826034,-0.5061764131402003
0.20152784834609458,0.16047374671472164,0.19671456135568327,0.16608674188977018,0.6723050537677104,0.44166280712279754,-0.6646932887987936,0.44842161908917066,-0.023462710564455317,0.49996889844970627,-0.00231481339113786,-0.5066868260546343
0.2213185530759393,0.16954921042375498,0.21666553481456763,0.17732007311205858,0.6690094151460476,0.4410259073049026,-0.6616982588196431,0.44225257428156445,-0.02091672463409027,0.5028321828439001,0.0002692908217235999,-0.5046265782761701
0.24526702587515103,0.18479243965478295,0.24067558805539427,0.1946128951638042,0.6620841533185349,0.43847294356848543,-0.6551819961971237,0.433815209275898,-0.017392323857277653,0.5044541775486647,0.0037777643575245953,-0.4998271191612804
0.2714963460431374,0.20507812266573536,0.2669843774497308,0.21640558846484234,0.6513552140930077,0.43369825658713973,-0.6449403239739021,0.4233378464687795,-0.013093414846979637,0.5043339024237204,0.007997646540539027,-0.4921405435754671
0.29826268562863084,0.2291928533982274,0.29390423067135407,0.2412745539214025,0.6367513484637533,0.42643525158528056,-0.6308682246889558,0.4111109954481436,-0.008407570322023305,0.5018194811876593,0.01253177522605559,-0.4815332290683644
0.3240931441554408,0.255815192877087,0.3199693986314022,0.2679477943849232,0.6183672279753379,0.4165728558935261,-0.6130274576860558,0.39747131894955534,-0.0038290557301150713,0.49622662441058046,0.0168757285092581,-0.46812006897521596
0.3478698152702019,0.28355746882726884,0.3440390414270259,0.29526897461281026,0.5964784681674266,0.40422809797677856,-0.5916670769810737,0.3827637583244437,0.00016094498947178507,0.4869852299796415,0.0205383382804215,-0.45214255904925776
0.3688481047060615,0.31106376754656695,0.3653354122340706,0.3221680192621533,0.5715203540392104,0.3897524917198812,-0.5672051129724501,0.36731406880361345,0.0032059472278814227,0.47377163744152023,0.023155242778506162,-0.43391931916985943
0.3866279593272622,0.3371286258992455,0.38342933816271696,0.3476739144431153,0.5440447034882343,0.3736751391843871,-0.5401850482050097,0.35142101309303553,0.005136508582136844,0.4565855864253045,0.02455355878630215,-0.4137987371297394
0.4011020702528738,0.36079647443554974,0.3981948182802725,0.3709650440042154,0.5146679334105642,0.35660901572566106,-0.5112213705494199,0.3353600765993836,0.005971154731183978,0.43575259595770705,0.024754338280200093,-0.3921298938119102
0.41239526915172814,0.3814168803199137,0.4097486199046841,0.3914272784772573,0.4840203407594383,0.33915507828979186,-0.48094593179276984,0.31938679747840737,0.005870706585666409,0.41186069833406563,0.023926989230729098,-0.3692528509707505
0.420800461832002,0.3986505745740276,0.4183832959674582,0.4086905382925987,0.4527034041581975,0.3218304543293418,-0.4499630436969483,0.3037334088583724,0.005072941214638672,0.3856598013265601,0.022322750402903588,-0.3455003483935288
0.42671461080237,0.4124357781032269,0.42449966442832887,0.42263029651007183,0.42125888369620446,0.30503094957679056,-0.41881739060378775,0.2885997298379413,0.0038317227408189193,0.35795572794423497,0.020211965891381772,-0.3212013471640935
0.4305799592954236,0.4229305661312109,0.42854526938938264,0.433336921750667,0.39015068779985806,0.2890243722545017,-0.3879755014380597,0.27414314346369634,0.002374216066515209,0.329522550796074,0.017839397055701266,-0.29668024385439384
0.43283610034518283,0.4304466924385438,0.43096477322901433,0.4410649796169083,0.35975818226038364,0.27396438639869103,-0.35781908314350414,0.2604723077607161,0.0008790354563141873,0.30104399405500587,0.015400825276456587,-0.272250372229115
0.433886336110702,0.43538650171851917,0.43216555437207793,0.44617610482901393,0.33037820727925743,0.25991410446209,-0.32864718887042854,0.24764678051959857,-0.0005286973020658992,0.2730838368241057,0.013037069440496202,-0.2482038900537627
0.4340785027811131,0.438189851874916,0.4324983630408085,0.4490859063623635,0.3022326475921266,0.24687143079088775,-0.30068391312866877,0.235682148113715,-0.0017718387995309599,0.2460791116908612,0.010838938454110814,-0.22480136338481324
0.4336978322854704,0.439293876723783,0.4322503183748186,0.45022083400812185,0.27547874334844535,0.2347916159681916,-0.2740887563558539,0.2245587265028225,-0.0028111041850968307,0.22034810944620895,0.008857159666870415,-0.20226377836712142
0.43296825514678633,0.43910554837920995,0.43164645685902725,0.44998701039988537,0.2502200586505948,0.22360519423334108,-0.2489675857921549,0.214231585303869,-0.0036343238339097087,0.19610611879317427,0.00711317573770883,-0.18076834312922666
0.43205863413909806,0.43798535452890136,0.4308562145676141,0.4487504304827259,0.22651680933386406,0.21323113000781402,-0.22538292070631494,0.20464010388181333,-0.004247161448158664,0.1734838110691109,0.005608617933459605,-0.1604481349541088
0.43109118393884793,0.4362397177580126,0.43000205198219027,0.4468265926470464,0.20439489834442928,0.20358579539526173,-0.20336291396671372,0.19571599582693364,-0.004666001770552746,0.15254516868336904,0.004332670090183387,-0.14139481260180103
0.4301502624937547,0.4341197217041114,0.42916839564666764,0.44447720008269226,0.18385345292375063,0.19458865949156576,-0.18290883921197942,0.18738939689811554,-0.004912933427102351,0.13330338882715798,0.003267348244074913,-0.12366329450078892
0.42929051822587794,0.4318239908617751,0.4284098859792035,0.4419116862726136,0.16487091974341045,0.18616555290182998,-0.1640011469380972,0.1795930628239431,-0.005012422016464407,0.11573419357933808,0.0023910731675782886,-0.10727735579835118
0.4285439417419377,0.42950399727350735,0.42775849091359797,0.4392916912612793,0.14740990058887504,0.17825023965823494,-0.1466042740177176,0.17226496261861562,-0.004989208424411151,0.0997865426794559,0.0016809880972749884,-0.09223533818128249
0.42792571408601154,0.42727051365877106,0.42722938870753807,0.4367370634193028,0.13142095196767112,0.17078486942626112,-0.13067042911694235,0.16534963461309973,-0.004867033716375851,0.08539101635496926,0.001114416745476696,-0.07851545360041047
0.4274389224141478,0.4252003316277521,0.42682570017331484,0.43433238426663917,0.11684556571074446,0.16371973421242894,-0.11614256898982657,0.15879865972991045,-0.004667895941903094,0.07246623253289926,0.0006697577715633656,-0.06608041458397858
0.4270782881897279,0.4233426870961986,0.42654222236807654,0.4321333659912374,0.10361851966192956,0.1570126298496207,-0.10295675240670141,0.15257054982786075,-0.00441164138468421,0.06092366837211953,0.0003270170757825149,-0.05488130767397145
0.42683306917380853,0.42172507809223114,0.42636832976871597,0.43017274032618835,0.09166975269621552,0.15062802582149762,-0.09104402380610485,0.1466302801718326,-0.004115767054659222,0.05067122032542928,6.810579600405439e-05,-0.04486074154475324
0.4266892851908864,0.4203583307936254,0.4262901959697893,0.4284654489180278,0.08092588420843914,0.14453617503520716,-0.08033194500800714,0.14094863106158936,-0.0037953611475697057,0.04161578697264658,-0.00012301814332869594,-0.03595536083632779
0.4266313964794694,0.4192408812962677,0.4262924665732561,0.42701307254920023,0.07131146825011452,0.13871224375388186,-0.07074586373047358,0.13550145115625864,-0.0034631384570654043,0.03366510786100096,-0.0002603178726557087,-0.028097837610720808
0.4266435412345968,0.41836230776187333,0.42635949094072456,0.4258075148335843,0.06275004775256716,0.1331355065885351,-0.062209983245032664,0.13026891520478878,-0.00312954433453058,0.02672904516679025,-0.0003557250563973748,-0.021218449795462887
0.42671041939144766,0.41770618331557924,0.42647620041942436,0.4248339993879067,0.05516505473018198,0.1277886281601567,-0.05464827824151526,0.12523482027715716,-0.002802909026335923,0.020720454993617486,-0.00041924620002163247,-0.015246341450039768
0.4268178937522184,0.417252335026262,0.4266287044052035,0.4240734595871597,0.048480587494441146,0.1226570383835423,-0.047985287337259604,0.12038594487440189,-0.0024896379522814966,0.015555761681277843,-0.0004591113558176692,-0.01011054080531884
0.4269533669674533,0.4169785965368257,0.42680466284341356,0.4235044056156975,0.0426220850434982,0.11772839962370574,-0.04214680198061171,0.11571148218957061,-0.0021944252296292473,0.011155321076429572,-0.0004819510889593669,-0.0057407933094859535
0.4271059829757269,0.4168621370673883,0.42699348377000945,0.4231043508299308,0.03751691121427684,0.11299215923060013,-0.03706046406307787,0.1112025503825213,-0.0019204789195874485,0.007443636573631125,-0.0004929891820904528,-0.002068250679667954
0.42726669357793834,0.41688044130323876,0.4271863865240774,0.4228508725576153,0.033094856223323796,0.10843917872944323,-0.03265627970408704,0.1068517775555029,-0.0016697477503420917,0.004349474130951841,-0.0004962401754308378,0.0009739559156208116
0.4274282242926944,0.4170120053625058,0.42737636471709595,0.422722373903611,0.029288560272029248,0.10406143023999574,-0.02886705380617925,0.10265295611487639,-0.0014431406580517245,0.0018059087171830388,-0.0004947026759999434,0.003450239897734859
0.42758496808522517,0.4172368048655388,0.42755807748892927,0.42269860434623036,0.026033862419963395,0.09985175086206138,-0.02562874857009488,0.0986007596389164,-0.0012407323366647072,-0.00024967585041964777,-0.0004905413897283992,0.005422168386743538
0.42773283070762175,0.41753658269429583,0.42772769273198963,0.42276098861235895,0.02327007748549457,0.09580364638037922,-0.022880768761296546,0.09469051473952883,-0.0010619499438060003,-0.0018756195099974573,-0.0004852528936197168,0.006948148303948806
0.4278690470700459,0.4178949965419985,0.42788270165590064,0.4228928058063794,0.020940203944537588,0.09191113645921334,-0.02056617676423188,0.0909180203690247,-0.0009057380009603043,-0.0031260424025052165,-0.00047981211387786084,0.008083183677920224
0.42799198419672346,0.41829765981142236,0.4280217202086075,0.4230792540989957,0.01899106637306286,0.08816863437278574,-0.01863184105770892,0.08727940735586157,-0.0007707002104370238,-0.004050920349695108,-0.00047479818203075973,0.008878699400936281
0.42810094287138933,0.41873210373523306,0.42814428942919824,0.4233074304117815,0.01737339669610599,0.084570855177158,-0.01702852247557071,0.08377103150415807,-0.0006552182982898463,-0.0046961769402373245,-0.0004704997252826709,0.0093824269303513
0.42819596703360807,0.41918768365137826,0.42825068377130304,0.4235662493805965,0.01604185920925242,0.08111274703675776,-0.015710903327053116,0.08038939425887699,-0.0005575490424051781,-0.005103791141712342,-0.00046700068012759624,0.00963834724062634
0.4282776673478011,0.41965544806789473,0.42834173380135726,0.42384632136520833,0.0149550249268031,0.07778944116060217,-0.014637565041167718,0.07713108565290469,-0.0004759013624608553,-0.005311919942690631,-0.0004642484112683696,0.009686685961054776
0.42834706312659643,0.42012798541294155,0.42841866743908663,0.42413980532681356,0.01407530122767182,0.07459621647621366,-0.013770920414037723,0.07399274496725888,-0.00040849576795304765,-0.005355035610196259,-0.0004621063112415742,0.009563955251316786
0.42840544493773997,0.4205992601268725,0.4284829720570298,0.4244402489684153,0.013368822993558313,0.07152847577464422,-0.013077106756407332,0.07097103522041212,-0.0003536086340687332,-0.005264076923683668,-0.00046039320573810474,0.009303036673753722
0.42845425873866594,0.42106444696920237,0.4285362782714869,0.42474242558559633,0.012805311466906059,0.06858173060081207,-0.01252584626424127,0.06806262823751293,-0.0003096037613780069,-0.005066613371402335,-0.0004589118563106961,0.008933299168505647
0.42849501123584155,0.42151977004931057,0.4285802651102692,0.42504217457373883,0.012357906917758408,0.06575159264266155,-0.012090279788330126,0.06526419762364503,-0.00027495353094597277,-0.004787020880831774,-0.0004574686939556846,0.008480746240445374
0.4285291953216543,0.42196235111469343,0.42861658539781333,0.42533625045056583,0.012002980927419157,0.06303376979356008,-0.011746779888272623,0.06257241747180142,-0.00024825174140183116,-0.004446667277320451,-0.00045588668412668544,0.007968186617070331
0.42855823386029157,0.4223900700136384,0.42864680961629,0.425622183547083,0.011719933705323432,0.06042406542796297,-0.011474748655127893,0.05998396507504217,-0.00022821994910360345,-0.004064105369492419,-0.0004540129561240547,0.007415422912799384
0.4285834397346787,0.4228014389577609,0.4286723861413808,0.4258981541600467,0.011490981386300881,0.05791837974403575,-0.011256405308377447,0.05749552628562436,-0.00021370885699560212,-0.003655271368067822,-0.00045172255701456554,0.0068394532100123865
0.4286059898885432,0.42319549120893507,0.42869461557300836,0.42616288090678095,0.011300937738484916,0.05551271229230806,-0.011076568046919647,0.055103802476165746,-0.00020369603281858022,-0.003233686260783695,-0.00044891943213572883,0.006254680912044042
0.42862691106277995,0.42357168406809137,0.4287146368462624,0.42641552323861653,0.011136994173441847,0.05320316503060721,-0.010922434086802242,0.052805518314892844,-0.0001972809957507467,-0.002810657782645079,-0.00044553550263942335,0.005673128711461488
0.42864707499866994,0.42392981551272363,0.428733422881283,0.4266555975120467,0.01098850141087724,0.05098594542687029,-0.01078336127162981,0.050597429775167506,-0.00019367849883407078,-0.0023954807232457703,-0.00044152851102627734,0.005104653025114372
0.42866720103143113,0.4242699534790702,0.42875178368217487,0.4268829056476032,0.010846755626933139,0.048857369277542285,-0.010650654111546589,0.04847633196540042,-0.0001922106546548132,-0.0019956334834110405,-0.00043687913938231064,0.00455715575665404
0.428687864199763,0.42459237657890414,0.42877037499784587,0.4270974751883784,0.010704791419556752,0.04681386302475212,-0.010517356605349762,0.04643906649557933,-0.00019229840267778785,-0.0016169690132164746,-0.0004315877703396892,0.004036790742720141
0.4287095072287537,0.42489752494777405,0.4287897108901677,0.4272995094693856,0.010557183464728562,0.04485196544481841,-0.010378053735646323,0.044482528196964195,-0.00019345269558216076,-0.001263898514854131,-0.0004256711542876037,0.0035481627099285926
0.42873245498715984,0.42518595991299407,0.42881017879945754,0.4274893465957738,0.010399858318275076,0.04296832864811881,-0.010228683103769853,0.04260367108744833,-0.00019526568525595855,-0.0009395665612887033,-0.0004191591639709271,0.003094517008665276
0.42875693026216605,0.425458331221307,0.4288320559403928,0.4276674259769075,0.010229917441782697,0.04115971837985649,-0.010066357791579526,0.040799513531409974,-0.00019740211289616613,-0.0006460165522405293,-0.000412091755138405,0.002677918791766934
0.4287830699251696,0.4257153506576442,0.42885552609299893,0.4278342612534048,0.01004547219806643,0.03942301364624544,-0.00988920120148407,0.0390671425836636,-0.00019959104822708462,-0.00038434569256582605,-0.00040451620541882616,0.0022994206689246105
0.4288109407739685,0.42595777100140436,0.42888069606625995,0.42799041856850334,0.009845491270632644,0.03775520571414619,-0.009696194332886727,0.037403717535787445,-0.00020161807688484038,-0.00015484892700172253,-0.0003964846696704962,0.0019592181902338365
0.4288405545255096,0.4261863693924758,0.42890761130174887,0.4281364992605436,0.009629660710578013,0.036153396546786676,-0.009487035700616613,0.03580647270247479,-0.00020331799970476182,4.284850575435794e-05,-0.00038805206577730033,0.0016567927951542344
0.42887188159676554,0.4264019343063618,0.428936270249111,0.42827312618021846,0.009398256600774268,0.034614796746053805,-0.009262013886103504,0.0342727194979105,-0.0002045680806765337,0.00020967003085679316,-0.00037927428791279693,0.0013910421075490516
0.42890486344867507,0.4266052554595048,0.42896663728357287,0.42840093295768683,0.009152030148076275,0.0331367230746948,-0.009021892532065822,0.032799847859323085,-0.00020528185984757585,0.0003469781573526509,-0.0003702067328168278,0.001160397665401179
0.4289394233800087,0.42679711607786947,0.42899865404847787,0.42852055565625097,0.008892104866612108,0.03171659563103335,-0.008767807443201589,0.031385327078225,-0.00020540353200578318,0.0004564761553022746,-0.0003609031172044636,0.0009629303476105796
0.42897547574597056,0.4269782870613588,0.4290322491946362,0.42863262634835225,0.008619885395930975,0.030351934745595697,-0.008501175335701456,0.030026706100520918,-0.00020490288043569386,0.0005401206543090172,-0.0003514145599761791,0.0007964439025871049
0.42901293364238907,0.4271495226625151,0.4290673465550778,0.42873776823497867,0.008336977403952043,0.029040357664211956,-0.008223613684345085,0.02872161335546263,-0.0002037707465559809,0.0006000447211324382,-0.0003417889006126549,0.000658557096914089
0.42905171514282786,0.42731155736987836,0.4291038718409631,0.42883659200090524,0.008045117953469103,0.027779575076362063,-0.007936871044649482,0.02746775617098082,-0.0002020150101519169,0.0006384908897207526,-0.000332070224416415,0.0005467750899671193
0.4290917482053193,0.42746510374474433,0.4291417579743905,0.4289296931559251,0.007746115659782974,0.026567387541258074,-0.007642767176335719,0.026262919829682235,-0.00019965705070786846,0.0006577535531437158,-0.0003222985656588547,0.00045855070480155377
0.42913297437996295,0.4276108510055334,0.4291809491889195,0.42901765015708004,0.007441799933390685,0.02540168185774795,-0.007343142260777036,0.025104966316099958,-0.00019672865762972966,0.0006601300815472263,-0.00031250976087265187,0.00039133630957282
0.4291753514503578,0.4277494641873555,0.4292214040308306,0.4291010231396731,0.007133978583268755,0.0242804274178441,-0.007039814486775254,0.023991832801861856,-0.0001932693556176794,0.0006478800013366058,-0.00030273542624691964,0.00034262704981873483
0.42921885513228564,0.427881583726203,0.42926309738499574,0.42918035310614294,0.006824403051028739,0.023201672577696043,-0.006734545273850366,0.022921529911469746,-0.00018932411086019919,0.0006231915562873068,-0.00029300303514731915,0.00030999618257345325
0.42926347993313513,0.4280078253277809,0.42930602162965453,0.42925616143196677,0.006514740552143347,0.022163541074260173,-0.0064290114082539325,0.021892139807479807,-0.00018494138387237176,0.0005881549691999736,-0.0002833360740524254,0.00029112326080637206
0.4293092392453561,0.4281287799798534,0.4293501869944748,0.429328949546207,0.006206552415745373,0.02116422851084503,-0.006124783382327633,0.020901814130132687,-0.00018017149553196327,0.0005447417311762217,-0.0002737542575609985,0.0002838159032305865
0.4293561647058299,0.4282450139529181,0.42939562115510765,0.4293991986298945,0.005901277937545367,0.020201998930179432,-0.005823309250974418,0.019948771822963503,-0.00017506527404061346,0.0004947892628248723,-0.0002642737854984749,0.0002860258620767004
0.42940430479812086,0.42835706860447104,0.4294423680427081,0.4294673691455981,0.005600223089700698,0.01927518148969268,-0.00552590334839083,0.019031296872682315,-0.00016967295204193194,0.00043999031608039067,-0.00025490762747114884,0.00029586007177614195
0.42945372260211045,0.42846545975293654,0.4294904857745645,0.4295338999621099,0.005304553465642399,0.01838216725033584,-0.005233739242468109,0.018147735988701917,-0.00016404328486944441,0.00038188651533088057,-0.0002456658224358335,0.0003115873262661998
0.4295044924990314,0.4285706763120363,0.4295400435155903,0.4295992067626692,0.005015290875709205,0.017521406087534937,-0.004947846342187652,0.017296496245153767,-0.00015822286279679404,0.00032186547085997445,-0.00023655578293732622,0.00033164119326738336
0.429556695509735,0.4286731777652482,0.4295911169502989,0.4296636793138457,0.004733313049865626,0.016691403730783604,-0.004669109613828791,0.01647604270613441,-0.00015225559215591036,0.00026116093499522455,-0.0002275825955931857,0.00035461973167732265
0.4296104127659205,0.42877338989895486,0.4296437818668028,0.4297276770109624,0.004459355945837803,0.015890718937006873,-0.004398271903919083,0.01568489605334462,-0.0001461823222232398,0.00020085551075290696,-0.00021874931116205434,0.0003792825343011771
0.4296657163675146,0.4288716979814665,0.429698105107816,0.4297915218842951,0.004194018203857897,0.015117960802240775,-0.004135938409760285,0.014921630234329162,-0.00014004059680744796,0.00014188546323500132,-0.0002100572191131048,0.0004045455734755519
0.42972265653504316,0.42896843624409936,0.4297541317992572,0.42985548791897116,0.003937767332157137,0.01437178621650165,-0.0038825828813499235,0.01418487014935018,-0.00013386451147134805,8.504722475103128e-05,-0.00020150610302200106,0.00042947428258422116
0.4297812434817278,0.42906387204811197,0.4298118672828666,0.42991978506866846,0.0036909472498002642,0.013650897468156701,-0.003638555180999577,0.013473289395746366,-0.00012768465926140958,3.1005224901012966e-05,-0.00019309447436107827,0.00045327526272977684
0.42984142174650136,0.42915818244804976,0.4298712514956091,0.42998453566930944,0.0034537868549360086,0.012954040006939602,-0.0034040898684525715,0.012785608090750564,-0.00012152814968280465,-1.9699283937618987e-05,-0.0001848197833415776,0.0004752869615283868
0.42990303376122335,0.42925141990319465,0.4299321225706019,0.4300497399991304,0.0032264093266892923,0.012280000379399972,-0.003179315519464618,0.012120590797595582,-0.0001154186874357074,-6.663869764275596e-05,-0.00017667860642203015,0.0004949696306572394
0.429965768052324,0.42934346252384326,0.42999416506108606,0.4301152263651305,0.003008841907495267,0.011627604357640342,-0.002964264524383408,0.011477044585952414,-0.00010937669911489327,-0.00010948908420845161,-0.0001686668109427941,0.0005118948308571504
0.4300290855272093,0.4294339422965805,0.43005683623887536,0.43018057915130586,0.0028010259495448273,0.01099571529255262,-0.0027588831501162265,0.010853817267198886,-0.0001034194976705282,-0.00014801998353758497,-0.00016077969811119347,0.0005257347179795122
0.4300921145248594,0.42952214196878286,0.4301192611475689,0.43024503549719734,0.0026028270441742865,0.010383232737670492,-0.0025630416840019122,0.010249795858966003,-9.75614759401022e-05,-0.00018208417583858515,-0.00015301212628035732,0.0005362513117505482
0.4301535013709836,0.4296068473404765,0.4301800831514391,0.43030733733893184,0.002414045086627231,0.009789091410995043,-0.002376544511637452,0.009663905353639972,-9.181432200192489e-05,-0.0002116075840007075,-0.0001453586171816775,0.0005432859206053912
0.430211197577188,0.4296861361182564,0.43023725111961353,0.43036551994544825,0.002234424160949592,0.009212260592282874,-0.0021991400129455206,0.00909510789455154,-8.618725048771005e-05,-0.0002365794515533953,-0.0001378134485409751,0.00054674887167948
0.4302621568588703,0.42975707652991496,0.4302877164199165,0.43041661011784227,0.002063662161357515,0.008651744095947203,-0.002030530192201549,0.0085424025050744,-8.068724535063061e-05,-0.0002570429180522241,-0.00013037073740273042,0.0005466096754165474
0.4303019038196384,0.4298152975823127,0.43032700156913894,0.4304561958912183,0.0019014200980089458,0.008106581020087515,-0.0018703799891148475,0.008004825574915182,-7.531931094913705e-05,-0.00027308609860090074,-0.00012302451959760174,0.0005428877400471475
0.43032392004129294,0.4298543767504557,0.43034858627683387,0.4304778134660669,0.0017473310678196893,0.007575847557575473,-0.001718326250455311,0.00748145239179132,-7.008672971935369e-05,-0.0002848337645751133,-0.00011576883223933812,0.0005356437435130394
0.4303187704088506,0.42986496799553,0.43034303370890264,0.43047207418051125,0.0016010089063478148,0.007058660275972318,-0.0015739863766503985,0.006971400125760102,-6.499132622799895e-05,-0.0002924397196776304,-0.00010859780809610422,0.0005249717708377381
0.4302728599186785,0.42983356045525806,0.4302967472140675,0.43042542174388243,0.0014620565769808721,0.00655418144395967,-0.001436966697343973,0.006473832842181371,-6.003373910164218e-05,-0.0002960799709694302,-0.00010150579338044222,0.0005109923357336112
0.43016666488174565,0.4297407118521517,0.4301902014177724,0.43031836360196685,0.00133007440164481,0.00606162722335871,-0.0013068706769770121,0.005987969357923069,-5.5213704324695214e-05,-0.0002959468109878678,-9.448750426586029e-05,0.0004938464296172763
0.4299722165377101,0.4295585348235494,0.42999542568824867,0.4301229543874608,0.001204668296984459,0.0055802798858830905,-0.0011833071098835061,0.0055130950919111184,-5.0530355841205066e-05,-0.00029224395803047654,-8.75382427222139e-05,0.0004736907837247084
0.4296495213841033,0.4292471207441058,0.4296724242630024,0.42979921566802365,0.0010854582566873798,0.005109505690678958,-0.0010658985392895189,0.005048579533337898,-4.5982552505122024e-05,-0.0002851829521123833,-8.065419970539289e-05,0.00045069459695724185
0.4291414692617683,0.42874945246051616,0.42916408405370793,0.4292900428983013,0.000972087421024784,0.0046487807224941755,-0.0009542902324528168,0.004593901608437596,-4.15692445201416e-05,-0.00027498108073475085,-7.383288422231854e-05,0.0004250380818567325
0.428366590738638,0.4279841680202699,0.4283889316381727,0.4285139609212606,0.0008642322067837647,0.004197727903073285,-0.000848160172760008,0.004148686131354094,-3.7289898049808354e-05,-0.0002618612201565844,-6.707373150377463e-05,0.0003969133243697117
0.42720875588532997,0.4268352682585549,0.42723083148476704,0.42735481982598283,0.0007616141430171087,0.0037561696191245556,-0.000747230697086668,0.0037127557448722653,-3.3145004283309495e-05,-0.00024605413467445854,-6.037896394437724e-05,0.00036652815205428005
0.42550252344231065,0.4251374783442929,0.4255243343401054,0.42564713974602025,0.0006640142765610542,0.0033242020166821904,-0.000651282619009215,0.003286204350187194,-2.913670967784189e-05,-0.0002278039884418667,-5.375480624156025e-05,0.00033411397110754586
0.42301230477799223,0.4226554292567676,0.4230338400810914,0.42315526839692763,0.0005712912728729663,0.0029022989917527227,-0.0005601729323317623,0.002869499989837263,-2.5269618081254294e-05,-0.00020737809535168762,-4.721319243666858e-05,0.0002999388670337295
0.41940273297022385,0.419054051752242,0.4194239652516981,0.419543740860186,0.0004834046135877395,0.002491456083281415,-0.00047385745690918345,0.00246362730935807,-2.1551832997759174e-05,-0.00018508224545761922,-4.077414618565941e-05,0.00026432764106861385
0.4141978216527714,0.41385776837872523,0.41421870015004186,0.41433642404496246,0.00040044682190836303,0.002093385281744763,-0.0003924223198166601,0.00207028055150038,-1.7996311106841256e-05,-0.00016128064893142463,-3.4469049902597616e-05,0.00022768816450087923
0.40672368257550984,0.4063932569894707,0.4067441232481992,0.4068592126349782,0.0003227020505086148,0.0017107689926728915,-0.00031614156749338516,0.0016921153782079362,-1.4622581536176949e-05,-0.00013640548906021377,-2.834507296008143e-05,0.0001905291955422517
0.3960190280129865,0.39570003261636066,0.39603889808006704,0.39615050665744994,0.000250696845604092,0.0013475861388863944,-0.00024552667309132154,0.0013330721984269533,-1.1459194437269796e-05,-0.00011099384373535712,-2.2471059255479984e-05,0.00015350752340229762
0.3807162323848804,0.38041160650595385,0.38073532824871076,0.3808422302192896,0.00018524277178008018,0.0010094962730916141,-0.0001813676492911524,0.0009987571383476067,-8.546860928653545e-06,-8.574869468677138e-05,-1.6944856579897394e-05,0.00011750043478231358
0.3588708583357375,0.35858515343104935,0.35888887414942,0.358989298684717,0.00012748191279120152,0.0007042089561624,-0.00012477708624777258,0.0006968087646515634,-5.941755422480403e-06,-6.159364596674387e-05,-1.1900998748391132e-05,8.367062603211558e-05
0.32771814089261647,0.3274581962174077,0.32773462347194016,0.3278260197310088,7.889130970307723e-05,0.00044165259730414967,-7.719387568529417e-05,0.00043706654951528387,-3.717607673639377e-06,-3.971549970847817e-05,-7.51564496451836e-06,5.3511644690767706e-05
0.28332641232109296,0.2831023112296089,0.28334069717894356,0.28341940151243944,4.116858826546878e-05,0.00023348625739428658,-4.0270638135801836e-05,0.00023108886649077012,-1.9628729294510538e-06,-2.1549681679905367e-05,-4.0006829310381585e-06,2.881470877334271e-05
0.22010354095179804,0.21992995772005383,0.22011466359878523,0.22017542989770594,1.5832169717821906e-05,9.092256306217983e-05,-1.5482265683264548e-05,8.999820472929682e-05,-7.641657102062221e-07,-8.597097366667633e-06,-1.5681095813986533e-06,1.1414470275095536e-05
0.13009345644997383,0.1299915328910584,0.1301000319749268,0.130135383518028,3.191688506905644e-06,1.8629124146723735e-05,-3.119908152661879e-06,1.8441459150894167e-05,-1.5656131109027692e-07,-1.8148150699134478e-06,-3.2330175581785817e-07,2.3898627662517306e-06
0.002080711684294201,0.0020803853095896214,0.002080716169383692,0.0020804128984734586,2.0015702394671666e-09,3.040627437584283e-09,-1.99106561399384e-09,2.975062317894146e-09,-3.48046211661186e-11,1.1930101900980331e-09,-3.1532880193512114e-11,-1.1153184561664401e-09
