0,1,2,3,4,5,6,7,8,9,10,11,12,13,14,15,16,17,18,19,20
-1.8150135771860286e-35,-1.0703843773149374e-35,-2.8737931760542075e-35,-3.7095091958957447e-32,4.7935089404336794e-33,-5.338477112680934e-33,1.0,-4.6151790191747995e-35,-5.417320083421154e-35,-1.5807580727528412e-34,-2.307133388455153e-32,-1.0660123159203105e-32,5.898220896576316e-33,-1.2271564124619385e-34,4.960938394568552e-34,3.613666047826936e-34,-2.6646905658727265e-34,-7.347515085187582e-34,3.484593768866963e-33,3.467787637285376e-34,-5.729592931693115e-33
4.093853507595601e-23,9.456953475260368e-35,-8.88178419700125e-20,1.6375414030330225e-20,-1.5914742746032289e-34,-1.776356839400251e-17,1.0,-1.3998358949696546e-34,2.5038859373593947e-19,2.482123629069006e-35,-6.39058179499563e-32,1.0015543749437581e-16,4.5639178727998826e-33,-1.1320668185880354e-32,-2.8938632120424975e-33,3.397469001484133e-33,3.171765071255335e-33,-2.5222662383651143e-33,-1.1318086479585334e-33,-1.3444287078550871e-34,4.629151627311235e-33
2.6722557227149608e-05,2.71040248258727e-05,0.0006508315968781995,0.008014636581346555,0.008127137587142957,0.12996612100283295,0.9999999999832119,-3.81464722604079e-06,3.663499877232975e-06,-2.3672064054463053e-06,-0.002291114897501328,0.0022003593149989907,-0.0014205403212685366,0.10000000098441518,0.019076688366004547,-0.10000000098577064,-0.018875523507244665,0.01935298512051325,0.10000000098509433,-0.015718135971342452,-0.1000000009850959
0.00021368604292687653,0.00021629466834095895,0.002591549286238739,0.03203926771628299,0.032375039405199785,0.25760317229737756,0.9999999993274237,-2.4372377458437302e-05,2.3408854874095995e-05,-1.4253611127199273e-05,-0.005460226975346085,0.00524482000428414,-0.002869712361394349,0.20000000196334422,0.007985289991255176,-0.20000000196729883,-0.00789923474718039,0.006360369471057527,0.20000000196536394,-0.0062904737001600935,-0.20000000196536735
0.0007204443501087912,0.0007272518942862334,0.005787539735017737,0.07193715761546646,0.07241041665714185,0.38063652861056846,0.9999999967380534,-5.462221795754161e-05,5.2466467265796655e-05,-2.806379493788427e-05,-0.006351164389093332,0.006100914880675071,-0.0025187364738597125,0.300000002933231,0.000302567569800652,-0.300000002942524,-0.0002953304968968048,-0.0005342674366248084,0.30000000293810103,-0.00043571383518169676,-0.30000000293811196
0.0017041746822151875,0.0017156606409881878,0.01018137371932612,0.1273517088914384,0.12778644856935678,0.49680155442078533,0.9999999922048043,-8.553152963790258e-05,8.215876347878582e-05,-3.904723498292833e-05,-0.0058305505688887906,0.005601024621548696,-0.0019314849836957165,0.40000000388691853,-0.004998444444425162,-0.40000000390772145,0.004986187144617804,-0.004197075289151158,0.400000003898199,0.003663002969708456,-0.40000000389823404
0.00331726338861091,0.003332352172293608,0.015693410285647618,0.1976954007318005,0.1979672306640277,0.6039227633840755,0.9999999868911394,-0.00011152179496086701,0.00010712866274312494,-4.800062419783625e-05,-0.0044665051065603265,0.004291807361422785,-0.001717378591139615,0.5000000048077134,-0.008230825463275188,-0.5000000048554388,0.008220390308424098,-0.006068653946335213,0.5000000048348188,0.0060515755160496,-0.5000000048349177
0.0057053393738869945,0.005722134570749899,0.02222276651841495,0.2822103455969346,0.2822803212898444,0.6999303738947261,0.9999999822616288,-0.00012952266788163972,0.00012443183601409176,-5.672159074616487e-05,-0.002697704363091861,0.002595031655095885,-0.00180359153234379,0.6000000056463454,-0.009759511908135836,-0.6000000057684113,0.009753716522629862,-0.00683228407574623,0.6000000057205238,0.0070645192712842165,-0.6000000057207824
0.00900572946647653,0.009022343248864917,0.029648467943259958,0.3799977613548153,0.3799026436129966,0.7828789266418831,0.9999999794003916,-0.00013835994710263415,0.00013294536009004563,-6.61911829791122e-05,-0.0008444133835345532,0.0008179553928063841,-0.0019825840823421764,0.7000000061738365,-0.009996367777844824,-0.7000000065961006,0.009991542697954424,-0.006886027974002458,0.7000000064621028,0.00710548782900318,-0.700000006462783
0.013346147897393051,0.013361323044550103,0.03783078236615656,0.49003627012912165,0.48985996869692106,0.850965249732181,0.9999999787146694,-0.00013817050282092142,0.00013280323267636772,-7.643869840988563e-05,0.0008885351914268053,-0.0008433024897233867,-0.0020963353785177696,0.8000000005759224,-0.009397291270136075,-0.8000000071063778,0.00939010730375527,-0.006518909627162593,0.8000000064722563,0.006584713575550869,-0.8000000064742495
0.018835333383316076,0.01884868384857102,0.046625530626652256,0.608760912587933,0.6085817447436734,0.9064272998201068,0.9999999888014358,-8.745542642773699e-05,8.44611308761105e-05,-8.726393262774957e-05,0.02804466619081818,-0.02671701104138405,-0.0022685326937441864,0.8058607897028818,-0.008411848687198971,-0.9000000015651793,0.008401576669702164,-0.005964051007377461,0.8562286752792662,0.005874489851581741,-0.8560198374760422
0.02553003106850694,0.02554170738264261,0.05594425942261628,0.7301023363000226,0.729946100827697,0.957398473693532,0.9999999629511181,0.00018380106127246148,-0.0001747593522312047,-9.88640541824826e-05,0.07992563372592223,-0.076621698025475,-0.0022917557858262824,0.8080705951980077,-0.007353207365982561,-0.8976289128633221,0.007340921430646694,-0.005387259039288283,0.85106961483194,0.0051888294962442036,-0.8506249634696665
0.03343568780662042,0.03344590846187804,0.06577533728467051,0.8509365101839818,0.8508017841670613,1.0089197901874165,0.9999995186757259,0.0007035359723293209,-0.0006749928746544287,-0.00010986387741287824,0.12689248149124988,-0.12242471060865721,-0.0021231972124533868,0.810688829549289,-0.0063381620121013464,-0.8889370165190713,0.006325219245789297,-0.0048500610690760705,0.8486490870758366,0.004561255883772521,-0.8480247458920318
0.04254684612510765,0.04255583149637877,0.07612473205840245,0.9711968999992108,0.9710847833845933,1.0610629135215133,0.9999979877999474,0.0014421384458877474,-0.0013893085219794786,-0.00012022724338086119,0.16757901887835944,-0.1623347477401778,-0.0020300899510587436,0.8134538004077273,-0.005381727731004389,-0.8813207869974414,0.005369151323684999,-0.004349221841499745,0.8466121877724068,0.003982831931683439,-0.8458473174078408
0.052857594204556074,0.05286557671936047,0.08699869909736405,1.0908485073375112,1.0907602851831533,1.113835954259526,0.9999945632702841,0.0023695526862288277,-0.0022894720503943873,-0.00013026001617977545,0.2025036328776904,-0.19682305115565643,-0.0019857798495614113,0.8162934273285233,-0.0044839663362076666,-0.8745015449309775,0.004472474784203097,-0.003882678413808931,0.8449349385286149,0.003451403526122887,-0.8440648603869269
0.06436166463536337,0.06436889010327917,0.0984035918146162,1.2098552734288395,1.2097923337148957,1.1672501358667433,0.9999884018072708,0.0034580884442899566,-0.0033493623393629083,-0.00014016836817760557,0.2321098657142259,-0.22628281055134433,-0.0019741522731030452,0.8191324328445623,-0.003643751386177047,-0.8683739004468919,0.0036338134462651365,-0.003448637597413468,0.843535310927268,0.002964767720311482,-0.8425912069965544
0.0770524250252765,0.07705915361334696,0.1103458868918306,1.3281802493098627,1.3281440766451142,1.221318859676744,0.9999786995445297,0.004682202898034083,-0.004544767022680923,-0.00015008651785440428,0.25681442537948607,-0.25108573954202384,-0.001982098151178712,0.8218991376160888,-0.0028601175032878486,-0.8628388155241047,0.0028519994166336213,-0.0030455307281780377,0.8423375659936615,0.00252081526687149,-0.8413468789968785
0.09092286875323125,0.09092937599804371,0.12283220524538048,1.4457855256819077,1.4457777115148072,1.2760575487646124,0.9999647456663767,0.006018377204629874,-0.0058532837883777285,-0.00016009089456467786,0.2770115201557698,-0.2715855488649137,-0.001999190440963474,0.8245255228053596,-0.002132300655214014,-0.8578047105766355,0.0021261065639330817,-0.002671976432099855,0.8412706243091531,0.002117501656292635,-0.8402573563983691
0.10596560498801479,0.10597218293773251,0.13586933159737374,1.56263215652747,1.5626544146118717,1.3314835223850279,0.9999459579443486,0.007445013895146581,-0.0072542392161155,-0.00017021238354934912,0.2930765912410221,-0.28812116846281427,-0.0020173009439488636,0.8269474412623115,-0.0014596352619185044,-0.8531864307606872,0.0014553426174549794,-0.0023267465996582226,0.8402677395785715,0.0017528222171225472,-0.8392526908621629
0.12217284791131734,0.12217980644455617,0.14946423290571226,1.6786800756691724,1.6787342620269359,1.3876158934521745,0.9999219034365974,0.008942350468099625,-0.008728621587376126,-0.0001804467307139382,0.3053690062323521,-0.30101907570011655,-0.002030260069214939,0.8291047875282928,-0.0008414506813965082,-0.8489043536812412,0.0008389416647565795,-0.002008737317357672,0.8392661896689759,0.0014247885208187358,-0.8382671457962177
0.1395364050559091,0.13954407342463182,0.16362407588642097,1.7938880027564468,1.7939761406195642,1.4444754895938603,0.9998923071605509,0.010492384306717834,-0.010259023446050326,-0.0001907633214332845,0.3142338639334137,-0.310594853036878,-0.002033550915312084,0.8309416114150457,-0.0002769842667089519,-0.84488360771215,0.0002760737741808625,-0.001716945555211559,0.8382069857013549,0.0011314064865203823,-0.8372388624546273
0.15804766463882183,0.15805639328807955,0.1783562438667383,1.9082133357848594,1.9083376461248338,1.5020847983873358,0.9998570511942803,0.012078804764435723,-0.011829590284619827,-0.00020111250643787526,0.32000305082865266,-0.3171540917594581,-0.0020240308001554515,0.8324061598563096,0.00023468760500209286,-0.8410533847956846,-0.00023422712111194452,-0.0014504523807792357,0.8370345875723243,0.0008706561296783785,-0.8361095382885115
0.1776975817396822,0.17770774446313403,0.1936683532149935,2.021612027065475,2.0217749653235253,1.5604679376498045,0.9998161663725145,0.013686928952465172,-0.013425972318332686,-0.0002114316131530978,0.3229956829838631,-0.3209927566513659,-0.001999674085401826,0.8334508347382783,0.0006947010514471677,-0.8373463325625577,-0.0006931177459328742,-0.001208413529375536,0.8356966157989586,0.0006404724381946442,-0.8348241049270148
0.19847666314197138,0.1984886596383719,0.20956826960276043,2.1340384392379534,2.134242738902013,1.6196506517832263,0.9997698184938102,0.015303638424487788,-0.015035276891917908,-0.00022164974979110166,0.32351806022992347,-0.3223971245639648,-0.0019593305856573547,0.8340320575592334,0.0011044394361803796,-0.8336980114350491,-0.0011019831742692982,-0.0009900583277676737,0.834143550998881,0.0004387263406915424,-0.8333303939857146
0.2203749506189429,0.22038920952163127,0.2260641243649694,2.2454451775106543,2.245693901272578,1.6796603351983415,0.999718290728292,0.016917314580640247,-0.016646019636581574,-0.00023169148037798678,0.3218632515839036,-0.32164340741221054,-0.0019024939552850077,0.8341100348574378,0.0014655520179070222,-0.830046403051833,-0.0014624584160801792,-0.0007946983047372373,0.8323284136711493,0.0002632040860597284,-0.831578779353172
0.2433820024053125,0.24339898486478026,0.24316433123375683,2.3557828938024774,2.3560794931825946,1.7405260838048857,0.9996619636994097,0.018517771197495137,-0.018248073054686512,-0.00024147941983130122,0.3183104213653032,-0.3189971670347204,-0.001829074101601434,0.8336484211699066,0.0017799570957017742,-0.826331456887293,-0.0017764346647857173,-0.0006217474235931092,0.830206418240621,0.00011158247653813875,-0.8295217845444202
0.2674868725495201,0.267507076459073,0.26087760373139646,2.465000057824626,2.465348442377032,1.8022787754932796,0.9996012945021168,0.02009618302194034,-0.019832611751477672,-0.0002509357667950052,0.3131239938975436,-0.3147126257706484,-0.0017391667153918875,0.8326138786386272,0.002049829973853798,-0.8224946623484701,-0.002046051126162869,-0.0004707568954916704,0.8277345966024763,-1.8603877962134994e-05,-0.8271136428902504
0.29267808778787385,0.29270205275496275,0.27921297351665864,2.573042689333489,2.5734473068424366,1.8649511804889831,0.9995367957117064,0.021645009832183794,-0.021392054055407637,-0.00025998275494606955,0.30655274061777776,-0.30903197305794955,-0.0016328111671384989,0.8309755340543743,0.002277575197874327,-0.8184786339491945,-0.0022736737486224517,-0.0003414692395689335,0.8248713877365715,-0.0001300090648650961,-0.8243097963516516
0.3189436215192442,0.3189719347008396,0.29817980998778765,2.679854044751453,2.6803199741742922,1.9285781024823578,0.9994690152328976,0.023157915754063965,-0.02292000027336937,-0.00026854195621885894,0.29882885634614986,-0.30218476594172333,-0.0015097248509191644,0.8287043348238069,0.0024657801684190264,-0.8142266974024102,-0.002461863205475626,-0.0002338990990548165,0.8215761915248385,-0.00022554501113014803,-0.82106631490732
0.34627086438450966,0.3463041673241148,0.3177878414549813,2.785374250004525,2.7859073092386355,1.9931965516022367,0.9993985176402357,0.024629683908066708,-0.024411168324710596,-0.0002765323048256402,0.2901670706190863,-0.2943875220909657,-0.0013689968756081645,0.825772304337855,0.0026171415289629046,-0.8096824644994856,-0.002613337130083606,-0.0001484531009564521,0.8178088870046565,-0.0003084872153987705,-0.8173392114282246
0.37464659086476354,0.374685587490301,0.3380471782080601,2.8895398695847643,2.890146740258158,2.058845950805954,0.9993258674717796,0.026056126629725066,-0.025861328012675468,-0.0002838666186542977,0.28076381412739504,-0.28584361143400927,-0.00120871583615979,0.8221516920939873,0.0027343427206685364,-0.8047893834900193,-0.0027309381246148423,-8.610915665077129e-05,0.813529318325574,-0.000382639486830039,-0.8130836139693545
0.40405692119928927,0.40410238716146896,0.35896833782685755,2.992283398995952,2.992971770018818,2.1255683787194135,0.9992516147613977,0.027433991523727164,-0.02726723577466315,-0.00029044626063543015,0.270796427724094,-0.2767435739574924,-0.0010254943830894127,0.8178139963736792,0.0028198331194776182,-0.7994902450185424,-0.002817634154582295,-4.868933595220374e-05,0.8086967556150032,-0.00045259415592899016,-0.8082527323300638
0.43448727777156637,0.4345400713121916,0.38056227313053664,3.0935326622107353,3.0943113920212193,2.193408856372013,0.9991762829319736,0.028760863442926478,-0.028626572505900727,-0.00029615339480941173,0.2604223612662202,-0.26726604089854067,-0.0008138385669736866,0.8127287805645481,0.002875402151083902,-0.7937265957400088,-0.002876610694043617,-3.928302994452405e-05,0.8032693400192911,-0.0005241465155199845,-0.8027965044160897
0.46592233487035956,0.4659834093898471,0.4028404032923504,3.193210082268242,3.1940893752251824,2.2624156987001234,0.9991003590187034,0.030035062098361934,-0.02993788818051967,-0.00030084006397536263,0.2497782670537631,-0.2575795432572972,-0.0005653016762319562,0.8068620300594046,0.0029013319102995506,-0.7874379125395409,-0.0029115806322738192,-6.291141704339592e-05,0.797203509093128,-0.0006049536247981439,-0.7966596983120249
0.4983459602586845,0.4984163786654631,0.42581464902002575,3.2912317561999345,3.29222333936659,2.3326409910403387,0.9990242860329043,0.03125553445376447,-0.03120055890465401,-0.0003043131637997647,0.23897887666305748,-0.2478457097930017,-0.00026739341959077157,0.800173298684481,0.0028947124186224694,-0.7805600800506959,-0.00292756506188966,-0.00012756783997012653,0.7904533252629051,-0.0007055597507377411,-0.7897790094698817
0.5317411458663125,0.5318220965779592,0.4494974737612791,3.3875061639254795,3.388623434004387,2.4041413586605387,0.998948457069226,0.032421740684496755,-0.032414765482775436,-0.0003063147187948223,0.22811565774011222,-0.23822477743934378,9.762572079129311e-05,0.7926095865086868,0.0028461648746302866,-0.7730218468731722,-0.0029326248724836986,-0.0002458016662310521,0.7829693690638299,-0.0008409094019747049,-0.7820781959271439
0.566089922087181,0.5661827361306141,0.47390193574412715,3.4819320758087215,3.4831901602853215,2.4769794695163068,0.9988732103998885,0.03353353350405233,-0.03358150882073186,-0.00030649875496134967,0.2172557419423477,-0.22888507722360094,0.0005534565114494305,0.7840907705937794,0.002733684437339189,-0.7647357573768487,-0.0029414001944378563,-0.0004369765230273855,0.7746961034905461,-0.0010323463694552344,-0.7734593133296556
0.601373243039516,0.6014794109753319,0.49904176279778134,3.5743945828527837,3.5758102256717,2.5512273366902187,0.998798824069455,0.034591036423052314,-0.034702688225919785,-0.0003044118262940342,0.2064430987764278,-0.22001927513833358,0.001128244318024362,0.7744746943526444,0.002511546606794053,-0.7555751418233151,-0.0029818953117975743,-0.0007301063510305457,0.7655647315293194,-0.001309687460682746,-0.7637863391682569
0.6375708131518075,0.6376919994791064,0.5249314783453676,3.664756752908218,3.666347901323815,2.6269737873948436,0.9987255069930483,0.035594544745267985,-0.03578128514876727,-0.00029949786710449126,0.19570756607175793,-0.21187137322923297,0.0018469418574689124,0.7634771415870568,0.0020912460284181434,-0.7453188475858668,-0.003107766577371558,-0.001166579879355311,0.7554744564420333,-0.0017120463716839116,-0.7528546385288237
0.6746607876757196,0.6747988390388385,0.5515866415121858,3.7528415470558922,3.7546265000698327,2.7043408597468233,0.9986533806298461,0.036544519090252886,-0.0368217150409583,-0.0002911743461010143,0.18509494495967269,-0.2047786331819841,0.0027104350908264923,0.7505003519383601,0.0013104222455217957,-0.7335278028920298,-0.003419421311808869,-0.0018010062874377313,0.7442472368903398,-0.0022845779459023958,-0.7403358752667345
0.7126192022431387,0.7127761444412236,0.5790243295421478,3.8383933783891213,3.840389378805375,2.783517643498335,0.9985824402451552,0.037441839774519634,-0.03783042148715665,-0.0002790671081458242,0.1747447624752385,-0.19922850834790076,0.0036512962791596134,0.7342934560240747,-0.00011491560904245478,-0.7192906433278057,-0.004098448259026755,-0.0026970735832113355,0.7315285064457093,-0.003066690185170029,-0.7256839386037415
0.7514188402971439,0.7515968581793997,0.6072640980805525,3.9210000063145034,3.9232212111049805,2.8648244824098037,0.9985124775978429,0.03828867031786021,-0.03881675356186434,-0.0002635330023490097,0.16506078229769724,-0.19591543807593134,0.004457412498082329,0.7123362337468835,-0.002659101443497869,-0.7007425337686095,-0.005461191036665041,-0.003914710699458868,0.716590217009216,-0.004067217618441187,-0.7079851203562221
0.7910269929416189,0.7912283866339842,0.6363297954354171,3.9999424069192955,4.002397140227147,2.948821596493666,0.9984429406385908,0.039090544134124945,-0.03979400506092799,-0.00024659580675583955,0.1570327032117454,-0.19574229906342208,0.00466962832842295,0.6798233465698911,-0.0070782050011364865,-0.6742351177313762,-0.008038702098719064,-0.005487033809141349,0.6979804284530681,-0.005226853272318192,-0.6857375167881623
0.8314011562712148,0.8316282643741648,0.6662526961820909,4.073922185744419,4.0766088766297255,3.0364615328721025,0.9983727122737923,0.03986053803483118,-0.04078002553675205,-0.00023326355949759156,0.15274078760439602,-0.19962051606045325,0.0035039343944922295,0.6281636785214566,-0.01452058907993308,-0.6330461945845333,-0.012692279446346206,-0.007392856362183434,0.6729737026734008,-0.006381643572272568,-0.6565511655581632
0.8724810966785888,0.8727361632998226,0.6970761578293113,4.14059355289906,4.1434928545326875,3.129221074921352,0.9982998427401898,0.040626228326626115,-0.0417956865975303,-0.00023267730685535982,0.1559185719419192,-0.20773357012254703,-5.1396478440888314e-05,0.5430416296708428,-0.02664557455574834,-0.5656207205198428,-0.020776735258582306,-0.00954246092247983,0.6368394862609836,-0.007263819599641889,-0.6167677531387987
0.9141781946945615,0.914463102833176,0.7288587473475289,4.19681049470208,4.199864415625412,3.228441363039525,0.9982221060739593,0.041428051403791646,-0.04285181314746961,-0.00025614869320401946,0.165939876326855,-0.21459073489224564,-0.005818755992817243,0.4430416405670016,-0.04573256989662394,-0.46562075989452184,-0.03436514281459567,-0.011806673290066278,0.5820950965021697,-0.007597017661300545,-0.5609985110928798
0.9563732103760393,0.9566889043482915,0.7616672668494606,4.239799823378086,4.242870544505281,3.3343249470138017,0.9981391925593539,0.042291492220705384,-0.04392594419489837,-0.00030559666473876,0.1801050023768176,-0.215517612205967,-0.010247818048240683,0.34304164378603424,-0.0747796803598772,-0.3656207649839707,-0.056519142800463794,-0.014121380029998047,0.49812742182229064,-0.0072750943642891025,-0.48162372249399354
0.9989234671871609,0.9992690152859004,0.7955639942606301,4.267575248152703,4.270430059123957,3.4458102354874383,0.9980513086466989,0.04323236328099459,-0.04499349945115108,-0.0003648025787645253,0.19607498205223867,-0.21288807187849845,-0.011550642348981342,0.2430416452342065,-0.1175334617087283,-0.2656207670197477,-0.09153664829045316,-0.016557517182003982,0.39812743872662043,-0.006457805629129258,-0.38162375748682303
1.0416707506076162,1.0420426532245095,0.8305945547972677,4.279169084920839,4.281542644646583,3.5606097287118446,0.9979586744827893,0.04425146669822923,-0.04604469574957354,-0.0004215601648788497,0.21129517501894693,-0.20916377975617859,-0.011014701528628336,0.1430416459514842,-0.17820046500227282,-0.16562076801671285,-0.14498913499443492,-0.01924943285120286,0.2981274437826992,-0.005487797446680529,-0.2816237648469424
1.0844523750155106,1.0848448789305358,0.8667768188636721,4.274429114756614,4.2761683864962965,3.6755821523647705,0.9978615567721703,0.045341997220692744,-0.047076513217153074,-0.00046766185640176555,0.224669402706319,-0.20514726268336422,-0.00904253017617052,0.04304164629227337,-0.2607978981176513,-0.06562076852666632,-0.22330850109842212,-0.022297072010012506,0.19812744639467184,-0.004769371632795404,-0.18162376842767924
1.1271048669372208,1.1275119172816814,0.9040946580050967,4.253358161065419,4.2545727803021025,3.78707849874032,0.9977603444741143,0.046492046702916436,-0.0480888413127074,-0.0004979252079853347,0.2353388480390212,-0.2011377143991102,-0.006302618381460775,-0.05695835358301306,-0.3607978376887771,0.03437923122616385,-0.32330845362810434,-0.02569839586777801,0.09812744804510865,-0.004664027588110819,-0.08162377063174125
1.1694659524016469,1.1698835453377772,0.9424944531513547,4.2162184619391345,4.217148011467966,3.891400991119401,0.9976555933522558,0.04768714743186238,-0.04908148384424624,-0.0005108487660750776,0.2430188044866553,-0.19703203301837516,-0.0034075759895112715,-0.15695835358778867,-0.4607978247345025,0.13437923112863623,-0.4233084442886433,-0.029292527834155268,-0.0018725507628778383,-0.0053844132257743075,0.01837622781261075
1.2113773580397675,1.2118035855319036,0.9818876347793816,4.163521757653541,4.164342714580446,3.985221666911298,0.9975479706676514,0.04891203108348,-0.05005399248497756,-0.0005072164245335966,0.24758432851813356,-0.19283446626647957,-0.000734449170800738,-0.2569583536685027,-0.56079781744982,0.23437923111400308,-0.5233084393918197,-0.03273957760574292,-0.10187254979021754,-0.006919847478341267,0.11837622658154358
1.2526867646621456,1.2531211039782117,1.0221536661223642,4.095943964198004,4.096755137848791,4.0654911725260865,0.9974382403902786,0.050151099318372194,-0.05100572079927116,-0.0004901939441328777,0.24898060741248554,-0.18850946721538459,0.001118227723162908,-0.35695835378758606,-0.6607978121250918,0.33437923113704193,-0.6233084360265428,-0.035542751570335006,-0.20187254889102116,-0.009010140530399106,0.2183762254888999
1.2932493482121346,1.2936918489607478,1.0631432945766541,4.014304472746007,4.015121455636795,4.129529814600633,0.9973272586193824,0.05138888368154568,-0.05193557375740722,-0.0004669338894893453,0.2472296715573684,-0.183996588475577,0.001131421841161091,-0.45695835391497475,-0.7607978076028992,0.43437923116251637,-0.723308433291928,-0.03712051722196724,-0.30187254795111473,-0.011183996368644075,0.3183762243971916
1.3329440497230731,1.3334106575768812,1.104636230047377,3.922653385499607,3.9266744802877325,4.16608971333456,0.9972142976509798,0.052579095092599865,-0.05290386412028629,-0.0005142770743174013,0.22934877884657234,-0.20442788891618394,-0.025984357458362146,-0.5569583540229666,-0.860797803296021,0.5343792311588971,-0.8233084307312947,-0.036949115093986275,-0.4018725468658406,-0.012887566699817535,0.41837622317795053
1.3717888898132353,1.3722902679084032,1.1462304621900057,3.8449614740514253,3.847882119288206,4.1503742768861445,0.9970975524882437,0.053762161688244346,-0.05390452952799893,-0.0006344202014582437,0.24208079520556974,-0.19952803368092698,-0.026234620581005483,-0.6569583540885616,-0.9607977988055303,0.6343792311029339,-0.9233084280602443,-0.03575582546659356,-0.5018725455565989,-0.014481394599518777,0.5183762217146427
1.4098262809441033,1.4103273903959241,1.187585830488539,3.7612474175610675,3.758268459122505,4.118028461168642,0.9969790361810634,0.054979078784956156,-0.05486066482338315,-0.0006401301748163616,0.2441962154963425,-0.18570903615806064,0.018454923535459675,-0.7569583541023499,-1.0607977936828763,0.7343792309830508,-1.0233084250180768,-0.035002115397167924,-0.6018725439003106,-0.017190036301539795,0.6183762198356182
1.4469114143734934,1.4473787980439914,1.2285893772462415,3.6544774562605307,3.6506969264423517,4.079535053626418,0.9968623463192088,0.0560912270135909,-0.055847614525739546,-0.0005298065013289585,0.20381713534209311,-0.20818434966537694,0.022185665421027484,-0.8569583540467078,-1.1607977870731692,0.8343792307734491,-1.1233084209746707,-0.034779357782395166,-0.7018725415745091,-0.02111228187192305,0.718376217057546
1.482816452133415,1.4832426907917708,1.2691761284748446,3.5252728934756608,3.5207931564883532,4.034356276560126,0.9967506851880326,0.05702540834712765,-0.056885647388131344,-0.000444411231067808,0.1729902336053403,-0.206284960791882,0.01427676942370405,-0.9569583538735981,-1.2607977768612517,0.9343792304082049,-1.223308414333341,-0.0338829997343242,-0.8018725379268441,-0.025133462105641633,0.8183762122138609
1.5173541802985946,1.517731801640241,1.3092338894685063,3.3811698754769663,3.3758789433405987,3.9736772296660816,0.9966452782145511,0.05784306752378967,-0.05789818258512199,-0.00041158899623977823,0.15603809965193138,-0.1987981645333766,0.0034369376739100226,-1.0569583534937297,-1.3607977515961418,1.0343792297687033,-1.323308398677452,-0.03097697210235143,-0.9018725312078578,-0.027886662166494148,0.9183762014100514
1.5504198744634201,1.5507393169834003,1.3485818787489843,3.231076642050425,3.224678883297612,3.892675400811779,0.9965456839421963,0.05857675056272759,-0.05886659304499869,-0.0004339735642551216,0.13847325982289377,-0.18951232075146118,-0.006957378121546977,-1.1569583527675809,-1.4522306814021413,1.1343792286702887,-1.419869157744932,-0.025375629708755863,-1.0018725125285157,-0.02854281635138088,1.018376109209554
1.5819598893622,1.5822100425720713,1.3870279447148735,3.0762296723339566,3.068876524758703,3.7938225156590795,0.9964529744587023,0.05922559342384022,-0.05977912657454028,-0.0005047792344819199,0.12070077386020613,-0.1774941687140811,-0.014193380770747511,-1.256958351437505,-1.5170952747846191,1.2343792267550788,-1.489094625546648,-0.017251443657492767,-1.0949103964482687,-0.027152841984039857,1.096387170110507
1.6119336964859154,1.6121079169146957,1.4244082468803327,2.9181460713469733,2.910386535878225,3.6799260729007393,0.9963684759441701,0.05978718870919656,-0.06062171792684018,-0.0005996054003794303,0.10325176789786837,-0.16177440537071838,-0.01639395852965764,-1.3569583488356105,-1.5561875860910896,1.3343792230627565,-1.5349544952108791,-0.007397154597518334,-1.1644335798558498,-0.024416791503723563,1.15353394504619
1.6403176212621795,1.6404138095132734,1.4605830350503546,2.7585022136558126,2.750702362657923,3.5529896579415015,0.9962934878857421,0.060266099068671024,-0.06137426669345605,-0.0006947571131720451,0.08767912931478618,-0.14129391174703204,-0.014488241156143918,-1.4569583419676255,-1.5707962355679772,1.434379212976534,-1.5611468601137601,0.0030969043321958756,-1.2160492050198997,-0.021338521713334606,1.1943848133799466
1.66710302044906,1.667122008535868,1.4954308104114054,2.5986331015256448,2.5910215567542414,3.4148804349792226,0.9962292375231463,0.06067052975471437,-0.062014539754902155,-0.0007681031327861096,0.07348873145086988,-0.11649057228428808,-0.008602758930788745,-1.5473055340068145,-1.5707963007280095,1.5240588854672148,-1.5707961375144606,0.01316980658535817,-1.2536731995409747,-0.01886217006464979,1.2221766755565941
1.6922917601147225,1.6922361828575059,1.5288583142866492,2.439181826192574,2.4318981432351623,3.270064569990729,0.9961754716393285,0.06101349377658737,-0.06253908676762635,-0.0008036838393255716,0.06593805630867203,-0.09696064514271105,-0.0016709516600942084,-1.570796321908929,-1.5707962982357428,1.5678481459426987,-1.5707962682598373,0.022035647686029697,-1.2797110687610564,-0.017553365438798003,1.2391600965787148
1.7158877975956015,1.715761387543669,1.5608271790057524,2.2800672614552657,2.273194789290355,3.1237679064495163,0.9961268765256526,0.061339394163892204,-0.06299263716241274,-0.000807620140460291,0.06528496294391495,-0.08523816811675626,0.002328638403403211,-1.5707963291705038,-1.5707962959505655,1.5707963157925366,-1.5707962591150337,0.02929740975668995,-1.2957634146093115,-0.017438394844093198,1.2470318567942302
1.7378942149305312,1.7377013271358916,1.5913351820379522,2.1212847230237166,2.114865836143397,2.9779239801126716,0.9960817323361882,0.06166183788549593,-0.06339057516719313,-0.0007970161966748521,0.06453718743697272,-0.0739842134762059,0.0031304311628905157,-1.5707963290044658,-1.5707962940929217,1.5707963157712048,-1.5707962510543114,0.03490779825674426,-1.3029924272961793,-0.01817449717585868,1.2472139487861285
1.7583151039791969,1.7580603504650385,1.6203875125931009,1.9629855170767565,1.95703082579802,2.832636469472378,0.9960403802312968,0.06197859420803298,-0.06373068712921902,-0.0007837900672228521,0.06304330161230193,-0.06202238996770468,0.0023439683492580098,-1.5707963285490325,-1.570796292724574,1.5707963137633352,-1.570796244580616,0.03899954942166636,-1.302322305051358,-0.019342952165457068,1.240864356271788
1.7771559769311147,1.776843952614807,1.6479898253243705,1.8053020179503492,1.7997987254125611,2.687923374231493,0.9960032893572277,0.06228727767383884,-0.06400895388377377,-0.0007723033335512392,0.06122079423010141,-0.04927064162916628,0.001303626845661263,-1.570796327796167,-1.570796291704452,1.5707963119284565,-1.5707962402695028,0.04171886334444014,-1.2945506815871124,-0.0206209218768728,1.2288894846606457
1.7944235884084272,1.7940586741572897,1.6741479559117685,1.6483522748995876,1.6432716774674727,2.5438032759972034,0.9959708214407866,0.06258719866477874,-0.06422138627362613,-0.0007608857761905817,0.05948402130902169,-0.03567078109202669,0.0010582295577982038,-1.570796326708942,-1.5707962906949384,1.5707963102888345,-1.5707962388134111,0.04316311681746084,-1.2804086022737426,-0.021833132722468975,1.2119825968646079
1.8101258443104555,1.809712085979184,1.6988679364995265,1.4922498635910737,1.4875548929354412,2.400297103786411,0.995943222174205,0.06287941471947828,-0.06436400729992438,-0.000742949771595939,0.05824375957725353,-0.02116084581473054,0.002488748842054508,-1.570796324934109,-1.5707962891666882,1.5707963082084255,-1.5707962409216878,0.04340965878407189,-1.260583586220473,-0.022916890015689865,1.1906715645754529
1.824286141369021,1.823828135041307,1.7221598434762333,1.3399798335993471,1.3358176147130425,2.2581929819497155,0.9959205887476759,0.06315545214318403,-0.06444430557982297,-0.0007079913571734959,0.053400588562126754,-0.01027442655314604,0.006786689004513095,-1.5707963212026972,-1.570796285074371,1.5707963037313524,-1.5707962010798613,0.042634709918014685,-1.235703891931988,-0.02382023322620287,1.1653764627348613
1.83699590907052,1.83650386078763,1.7440520607569887,1.2021498007045865,1.1995025756456195,2.120372916919801,0.9959028543349855,0.06338534665141334,-0.06449292882467497,-0.0006816813055092051,0.039414298671394836,-0.008760071748301068,-0.0005501459302346568,-1.5707963147627106,-1.5707962640815756,1.5707962967908973,-1.5680190028944154,0.04128763081143511,-1.2063730966170292,-0.024358219626519167,1.1365291874958612
1.8484226140615612,1.8479090396632836,1.7645930144271793,1.083356164644942,1.0816967501206343,1.9879735770518552,0.9958895786720569,0.06356048036384154,-0.06452560055369877,-0.0006777183073344135,0.03059663637624915,-0.004687668259763316,-0.0011513833879055544,-1.570796288183542,-1.568834020107605,1.5707889875953722,-1.5565482229607908,0.03971949085553501,-1.17336254208361,-0.024489753699096558,1.1045535961248807
1.8587414252628065,1.858215054903603,1.783835815991575,0.9805374085115116,0.9796381894024512,1.860943336458888,0.9958804900849128,0.06369593532608873,-0.06453232884863544,-0.0006751482344386595,0.02291553694918685,0.002338622113847249,-0.0008968496222381924,-1.5624714505566657,-1.5558733492733097,1.5543336671466585,-1.537584880390866,0.03798744628957283,-1.1374355641753149,-0.024422086182134164,1.0697436395969928
1.868108653413525,1.8675766552955926,1.8018384116281974,0.8930114640375746,0.892786757091674,1.7401176716239228,0.9958765578530268,0.06378916084687114,-0.06450095806066357,-0.000671481199332789,0.014159166172730473,0.01027344141799589,-0.0007492680472524052,-1.5355434657345672,-1.5341370531461882,1.52384120566223,-1.5122317419861133,0.036127384363793084,-1.0990130275668264,-0.024322659401707726,1.0322487279100647
1.876672917335802,1.8761419037108504,1.8186642741642411,0.8199348225968015,0.8203578410522482,1.625673649666579,0.995877674588526,0.06383769941611712,-0.06443569716348503,-0.0006680724636326081,0.00519537314358284,0.015784457469116896,-0.0007661429618563231,-1.4953532583348486,-1.5056130671339043,1.4822580773786547,-1.4815036346435804,0.03416043682355149,-1.0583624649628147,-0.02428784173348219,0.9922154134745276
1.884570775219346,1.884047042834954,1.8343743550353584,0.7597304099128153,0.7607643692134277,1.516966177716711,0.9958827716815821,0.06384360801068298,-0.0643510283073904,-0.000666288242120202,-0.0028618776657743255,0.017958032883256824,-0.0007929161056248988,-1.4459570705898637,-1.4720306831042056,1.43241784237451,-1.4463536727057265,0.032088496595245,-1.0157299665899082,-0.024357422984663406,0.9498361750186765
1.8919212737620725,1.8914106214663549,1.8490212705088052,0.710465933586025,0.7120479251005484,1.413005976305946,0.9958904118444579,0.06381348539544213,-0.06426260867168218,-0.0006661868094718391,-0.00922089871303072,0.01723701127505058,-0.0005849064893129331,-1.3902354176643146,-1.4348170003550043,1.376738063764646,-1.4076933422600018,0.029903148887342683,-0.9713850056899694,-0.024539673966342348,0.9053589626667278
1.898823602229345,1.8983310566506195,1.86264754936569,0.6700988403888447,0.6721372405625493,1.3127883587294513,0.9958993145218131,0.06375593029118452,-0.06418171756533916,-0.0006661968304564797,-0.013828822620861011,0.014974952869142666,7.868735705468522e-05,-1.330205644120268,-1.395082425575696,1.3170638228485956,-1.366382586009415,0.02759847666496792,-0.9256133381569059,-0.024828663910916128,0.8590785210444477
1.9053567101957984,1.9048862594953466,1.8752864708937365,0.636623343952679,0.6390020267388731,1.2154833099388966,0.9959086982993427,0.06367885725300296,-0.064112615228164,-0.0006635958271665013,-0.016970925873256472,0.012640167649530904,0.0012659206319172525,-1.2672773434594777,-1.3536434450900192,1.2546989716060464,-1.3231996000999864,0.02518035991145578,-0.8786897151387233,-0.025210561051786914,0.8113175419049455
1.9115800820039446,1.9111345149022936,1.8869643302602903,0.608153431843943,0.6107487254743844,1.1205331227721975,0.9959182473444025,0.06358902832626258,-0.06405349542791507,-0.0006555963657660193,-0.018806872246446532,0.01116847834872359,0.0028099665213554264,-1.2024274356365658,-1.3110726211855679,1.1905362322578679,-1.2788101268368246,0.022669914761820478,-0.8308525828011543,-0.02566282715056432,0.7624032045233737
1.9175351985324598,1.917116160583354,1.8977033870325637,0.5829763274898261,0.585683495414117,1.0276932943445847,0.9959278848723754,0.06349274767757203,-0.06399928717199778,-0.0006405994212193575,-0.019387362215952327,0.010885171361001778,0.004337901892511766,-1.1363339117994604,-1.2677603450968498,1.1251937070537794,-1.2337534724715409,0.02010380246741228,-0.7822917287319717,-0.026151117607652163,0.7126460593216192
1.9232474904593608,1.9228557955016483,1.9075250240479118,0.5595966989804722,0.5623543549956175,0.9370349084366686,0.9959376012481529,0.06339597682923527,-0.06394420445127953,-0.0006190793077414494,-0.018855409016306012,0.011694578146455897,0.005393193801633028,-1.0694864340382904,-1.2239751112428539,1.0591228136946444,-1.1884523779782823,0.017534820788018962,-0.7331500032878447,-0.02662613043090121,0.6623291471294542
1.9287287183834274,1.9283648387793961,1.9164527706740726,0.5367774186980999,0.5395787227323213,0.8489158181797514,0.9959473871015974,0.06330367906320586,-0.06388343922910834,-0.0005937465614194643,-0.017526498076357457,0.013247230083573763,0.005595645007440246,-1.002273213919447,-1.1799150343815048,0.9926871876698831,-1.1432412522191235,0.01503333991155082,-0.6835352388612256,-0.027021227439283813,0.6117115058154342
1.9339797333981608,1.9336443063548456,1.9245148954696758,0.5135746053201309,0.5164592324451441,0.7639237829090374,0.9959572182597062,0.06321904541878651,-0.06381416793899698,-0.0005689139957206773,-0.015832114632776485,0.015065165514063287,0.0047826007266978205,-0.9350427085426758,-1.135748753669225,0.9262178587900037,-1.0983990903102065,0.01268706885510529,-0.6335383490162549,-0.0272527087783976,0.5610428232099708
1.938993524169044,1.938687688820286,1.931746310530563,0.48935966995318064,0.4923880741506403,0.6827960910558503,0.9959670538757965,0.06314311713027257,-0.06373596046301137,-0.0005492695635481145,-0.014203447411013936,0.01666907901776636,0.003078553418657916,-0.8681417670280711,-1.0916461629387348,0.8600480329080394,-1.0541738328820502,0.010595396391696264,-0.583255130731865,-0.02722577969622524,0.5105801653823538
1.9437583741889068,1.9434838095334555,1.9381895979086252,0.4638192032409254,0.4670387049676776,0.6063248874355447,0.9959768378845789,0.06307498166856737,-0.06365057037924175,-0.000538493732745885,-0.012957255694089018,0.01770007740188389,0.0008588169223461362,-0.8019333516962176,-1.0477988685818862,0.794529833288327,-1.0107923119544604,0.008856164005968498,-0.5328097129769985,-0.02684800326047278,0.46059745346622577
1.94826087905231,1.948019529903362,1.943895080880096,0.43692715996538417,0.44034364828372113,0.535261466156023,0.9959865033961299,0.06301245418931192,-0.0635611985955306,-0.0005382406980651369,-0.01222853913314303,0.017996236001556306,-0.0013817006159248474,-0.7367978302869168,-1.0044290429231721,0.7300358008909369,-0.9684585273075825,0.007546822521270534,-0.4823763227346265,-0.026048238606418878,0.41138339910867905
1.9524885587151197,1.9522821610999395,1.9489199958129282,0.40889192663183216,0.41245813783599944,0.47023275714773227,0.9959959793125709,0.06295297494282437,-0.06347150545854649,-0.0005478448925780729,-0.01197233060689505,0.017596065776726007,-0.003194867874931259,-0.6731226954405415,-0.9617855177646442,0.6669489784220413,-0.9273474277627681,0.006706065489068203,-0.4321943746158605,-0.024795061083813318,0.3632300762018426
1.9564318635249303,1.9562614487340042,1.9533269323106972,0.3800883911536852,0.38371130307823587,0.4116790326073731,0.9960051971661352,0.06289440011224172,-0.0633847195741371,-0.0005647806984498014,-0.01202394239173257,0.01667717862015472,-0.00430618679022884,-0.6112859726430077,-0.9201282321752916,0.6056462326534358,-0.8876002958678125,0.006323159916056697,-0.38257171217480246,-0.02310748823288751,0.31641806930432104
1.9600854860320478,1.9599510253107262,1.957181773767861,0.35098743748517025,0.3545488312613549,0.35981661879567833,0.9960140962849625,0.06283545974761426,-0.0633030969705816,-0.0005855886340771617,-0.012181895927273149,0.01546764664818504,-0.004657167735556195,-0.551638125826265,-0.8797054223776136,0.5464795249553284,-0.8493239200353682,0.006339254415003875,-0.3338731891768383,-0.02105365440484536,0.27120381339939525
1.9634490006769256,1.9633492738054024,1.96055139123209,0.3220923699962132,0.32547284518651765,0.3146259629773215,0.9960226264883083,0.06277583376159894,-0.06322779408742879,-0.000606855720508768,-0.012276344137226062,0.014170625321232137,-0.004366992794422159,-0.49448609042234404,-0.8407301732056255,0.4897590136580834,-0.8125925131550069,0.006659849137792017,-0.28649602543268626,-0.01873813012699474,0.22781188148240933
1.9665269258814937,1.9664596073551235,1.963501338294805,0.29388719920952294,0.29698553330010435,0.27586368456055976,0.9960307486386206,0.06271594757349644,-0.0631590524363145,-0.0006259247988397526,-0.012203575171280135,0.012924291884823653,-0.0036510020172461715,-0.4400816200735206,-0.8033626592871869,0.4357405088375824,-0.7774504118457034,0.007173499996005702,-0.2408374667901558,-0.016282774248364523,0.1864320077694354
1.9693283362665885,1.969290233099646,1.9660937719329035,0.2667984788853214,0.2695425411556492,0.24309545114714795,0.9960384339288081,0.06265664880839354,-0.06309652411187452,-0.000641203484132894,-0.011927909800406287,0.011796734793548062,-0.0027384006576403564,-0.38861482673246417,-0.7677017577146208,0.3846183717826404,-0.743914404185765,0.0077706154691241,-0.1972622071943851,-0.013807340420344514,0.14721901838824433
1.9718661619027296,1.9718535192601925,1.9683857796112012,0.2411708454768048,0.24352028148792706,0.21574397187571337,0.9960456627292696,0.06259890188801547,-0.06303959055855914,-0.0006521219151607266,-0.011464025661470364,0.010802387254290896,-0.0018160106120966516,-0.3402127926565203,-0.7337862498856416,0.3365237786033634,-0.7119757244379243,0.008357686127690741,-0.15607613736097853,-0.011414641497271604,0.11029373329116929
1.9741563083748435,1.9741651125449724,1.9704282244622822,0.21725550695141133,0.2191986022835911,0.1931442009118412,0.9960524234695454,0.06254357384978797,-0.06298759359642321,-0.0006588805896686673,-0.010853834460412848,0.009925018187264377,-0.001004791152314012,-0.2949424522407006,-0.7016032044527074,0.2915274742336686,-0.6816023835520871,0.008864980249154608,-0.11751015722832252,-0.009182366456981245,0.0757436984518164
1.976216718775187,1.9762429534211747,1.9722651387165244,0.1952099413822245,0.19675750301321152,0.17459741706375623,0.9960587116924196,0.06249132504670095,-0.06293996133677193,-0.0006621349020112159,-0.010147145383191749,0.009137315713332352,-0.0003620307828643813,-0.2528165638710801,-0.6711001094950283,0.2496457351732898,-0.652742410568293,0.009248152523236502,-0.081714584433899,-0.0071611698678430685,0.04362356373540706
1.9780664763474647,1.978106313558249,1.9739336202119173,0.17510611444755325,0.17628462287442084,0.15941750484451978,0.9960645292341789,0.062442582851740966,-0.06289624991345763,-0.0006627180987740917,-0.009389557087406932,0.00841323247982831,0.00010276772259074634,-0.21380149509109428,-0.6421976722695781,0.21084818502948383,-0.6253280962219233,0.009485574129888022,-0.0487623293542916,-0.005377230162272942,0.013955539349967676
1.9797250169126,1.9797749427512341,1.9754641344284318,0.15694402891439652,0.1577894341087478,0.1469656519697951,0.996069883443902,0.06239756537709196,-0.06285613428375175,-0.0006614485037968805,-0.008617070662215854,0.00773349937830498,0.00040873587076157046,-0.1778256768650559,-0.6148012336297091,0.17506627671513342,-0.5992808654458517,0.009573477675519441,-0.018657929948791015,-0.003837147634627283,-0.013269497872943823
1.9812114889429826,1.9812683731165457,1.976881101332298,0.1406675643920622,0.14122033890350472,0.13667259781871008,0.9960747863881143,0.06235632642155865,-0.06281937730109446,-0.000659024081788104,-0.007855259589897171,0.00708651624451112,0.0005874893913357066,-0.14478785613713016,-0.5888098231835001,0.14220155782809055,-0.5745161873938919,0.009520607945312851,0.008650453733619553,-0.0025334406905776624,-0.038089886878320094
1.9825442719069186,1.9826053947691495,1.9782036485012158,0.12618020631798071,0.12648176581942522,0.12804969897577462,0.9960792540343111,0.06231880277934995,-0.0627857960584519,-0.0006559848030267411,-0.0071207664917976605,0.006466925222613875,0.000672284283981946,-0.1145645913779175,-0.5641226801044114,0.11213316651522366,-0.5509479725825204,0.009343424065359755,0.03325836490270567,-0.0014495468451665807,-0.06057002321680142
1.9837406437290088,1.98380369356782,1.9794464304038668,0.1133591033985884,0.11344943944258232,0.12069118869143144,0.9960833054380248,0.062284854520227646,-0.06275523472446112,-0.0006527173100096006,-0.006423532394636316,0.005873510609459246,0.0006922243194852096,-0.08701671704307296,-0.5406435185075922,0.08472429087963827,-0.5284920999322382,0.00906231364685007,0.05529317584732657,-0.0005638308784795392,-0.08079640105351356
1.9848165765883123,1.9848796280680863,1.980620438944401,0.10206667670771474,0.1019829460076114,0.11427027203078731,0.9960869619682023,0.06225429540343986,-0.0627275463943356,-0.0006494800078095111,-0.00576888882173379,0.0053073070753431135,0.0006701508808247469,-0.06199471117801348,-0.5182829990842581,0.05982753230042277,-0.5070689414018513,0.0086988812634591,0.074903787726644,0.00014748669529134376,-0.09887323536643623
1.9857866355348643,1.9858481175568459,1.9817337555901464,0.09215959539847324,0.09193540368738025,0.10853143888049417,0.9960902466010392,0.062226914096476064,-0.06270258297620479,-0.0006464337386047328,-0.005159180585150494,0.004770233817749419,0.0006227075531007907,-0.03934303024462707,-0.4969598860834767,0.03728924022979128,-0.48660493101367,0.008274165118643232,0.09225216883355508,0.0007083484886373043,-0.11491804886184712
1.9866639544705387,1.986722613270702,1.9827922167969991,0.08349530582763622,0.08316046153809117,0.10328088394809852,0.9960931833012563,0.06220248819554063,-0.0626801909077995,-0.0006436699239062088,-0.004594891220564858,0.004264256597240065,0.0005613972828135325,-0.01890354041018414,-0.47660130654395055,0.01695294883311991,-0.4670333314309766,0.007807564941587958,0.107506685701892,0.001141615497655643,-0.12905753012202723
1.9874602668813053,1.9875151281848922,1.9837999806878734,0.0759364874851253,0.07551705092035513,0.09837639136851832,0.9960957964981104,0.06218079315533799,-0.06266021051547348,-0.0006412329376368232,-0.004075369427190341,0.0037909532116770935,0.0004938842626248029,-0.0005181951178090756,-0.457142440594794,-0.0013379350880780337,-0.44829439174116503,0.0073162715988777235,0.12083702458460778,0.0014683503220631344,-0.14142385957210613
1.9881859727512814,1.988236305300593,1.9847599941648764,0.06935386611263387,0.06887236817756136,0.09371757347449931,0.9960981106541898,0.06216160784211055,-0.06264247733375584,-0.0006391363566187878,-0.0035992787581897437,0.003351340150183995,0.00042515869085562447,0.015968896856531974,-0.43852588530461095,-0.01773804978188775,-0.4303350854587707,0.006815029397231282,0.1324104439425416,0.0017074576388209633,-0.15215159515194124
1.9888502273035864,1.9888955090178604,1.985674366677109,0.06362779408904112,0.0631035388600887,0.08923698594005108,0.9961001499191398,0.062144717929999246,-0.06262682427610641,-0.0006373740761748598,-0.0031648721389104027,0.0029458465615240454,0.00035842741812303893,0.030709886915419482,-0.4207008613387874,-0.03239847718365952,-0.4131085891969091,0.006316108554790167,0.1423890982104872,0.001875556448548462,-0.16137512897006948
1.9894610410269689,1.989500928350789,1.9865446607416493,0.05864894997964348,0.0580983461012171,0.08489237587710566,0.9961019378575469,0.06212991794238136,-0.06261308400876131,-0.0006359276526783934,-0.0027701614047901638,0.0025743599145976455,0.000295728338024665,0.0438519821121866,-0.40362237439616133,-0.045465520095353755,-0.3965736257355991,0.005829405183152582,0.15092819984598413,0.0019869981230961316,-0.16922667433011052
1.9900253836132809,1.9900596841717844,1.987372110969918,0.05431843873384315,0.05375532672230222,0.08066014040885029,0.9961034972394907,0.0621170124412932,-0.0626010911918567,-0.0006347711146009335,-0.002413025030189046,0.00223629974035334,0.00023832386129495593,0.05553653868326105,-0.3872504009749185,-0.05707977699433641,-0.38069375976260805,0.0053626155889622724,0.15817482309927405,0.0020539739002524682,-0.1758347157885084
1.9905492869020758,1.990577935329005,1.988157783553555,0.05054750594236325,0.049983463600494556,0.0765299610639007,0.996104849882908,0.062105816675292025,-0.06259068443884025,-0.0006338741806471963,-0.0020912786487222853,0.001930697472417154,0.0001869411015587049,0.065898390649454,-0.37154913798995637,-0.06737545223500656,-0.365436704779822,0.004921451450493851,0.164267189936486,0.0020866756078307194,-0.18132284655590555
1.9910379437645902,1.9910609804416821,1.9889026874888267,0.04725702077306141,0.04670163877373618,0.07250051544183242,0.9961060165382569,0.06209615687858752,-0.06258170794569821,-0.0006332045089421474,-0.0018027219418743398,0.001656272916101816,0.0001419171793413916,0.07506536591907556,-0.3564863354078066,-0.07647985461561703,-0.3507736767626387,0.004509874745027929,0.16933431196902893,0.0020934861874311247,-0.18580892071038088
1.9914958011651454,1.9915133535631622,1.9896078476722154,0.0443768349542966,0.04383796071746254,0.06857613667017777,0.9961070168075303,0.06208787034392215,-0.06257401279033305,-0.0006327293488024383,-0.0015451696341955991,0.0014115041129920264,0.00010329185150632648,0.08315795433991947,-0.3420327179042859,-0.08451304911641774,-0.3366788136564797,0.004130338630270959,0.1734958906662936,0.002081184373098255,-0.18940445679401363
1.9919266465279757,1.991938912838798,1.9902743486528185,0.04184508916665351,0.04132904059932302,0.06476428154664444,0.9961078690911889,0.06208080534864876,-0.0625674579236538,-0.0006324167938364517,-0.0013164714836706645,0.0011946899604686231,7.087399283671402e-05,0.09028910116493093,-0.3281614935288977,-0.0915876354894651,-0.32312866854085387,0.0037840247845644178,0.17686240145239368,0.002055152585832684,-0.19221424055508574
1.9923336871167647,1.9923409218906742,1.9909033564500749,0.039607511946908085,0.03911926432017237,0.06107367155940364,0.996108590557902,0.06207482098573453,-0.06256191088200856,-0.0006322367323295326,-0.0011145247681445725,0.0010040057472350966,4.429629192564222e-05,0.09656410594018765,-0.31484794287004414,-0.09780863381396837,-0.31010177702037495,0.0034710703511113597,0.1795353059690727,0.002019580080192947,-0.194336085534632
1.9927196224909307,1.9927221240292516,1.9914961245382234,0.037616737825998,0.03716008766189313,0.057512981464403465,0.9961091971330761,0.062069786932551274,-0.06255724825301703,-0.0006321615391857644,-0.0009372819696299993,0.0008375518702789889,2.306440132189391e-05,0.10208061141320583,-0.3020690800540285,-0.10327346163811989,-0.2975782949926593,0.0031907794484777674,0.18160735146843443,0.0019776554601907835,-0.19586071967963598
1.9930867103064258,1.993084809598339,1.992053988914493,0.03583165908059406,0.035409368860737075,0.05408996401955431,0.9961097035029725,0.062065583177106115,-0.06255335592703325,-0.00063216653423533,-0.0007827557401364771,0.0006933959443437365,6.602102864824125e-06,0.10692867016264995,-0.28980337621567426,-0.10807199037184585,-0.28553970050521904,0.0029418156532496176,0.18316292763656222,0.0019317443246090167,-0.19687177376016785
1.9934368258318214,1.9934308768603268,1.9925783561287842,0.0342168175770643,0.0338307446681568,0.050810914497722307,0.9961101231318533,0.06206209971227883,-0.06255012916564844,-0.0006322302294624135,-0.000649022659044505,0.0005696085050363363,-5.708136566346664e-06,0.11119087866699978,-0.27803053625330365,-0.11228667056990703,-0.273968552286262,0.002722373130286693,0.18427845974420518,0.00188354921571308,-0.19744585309111642
1.9937715155905613,1.9937618868637257,1.9930706872625152,0.032741838427311994,0.03239305104602851,0.04768039335765963,0.9961104682900432,0.06205923620278518,-0.06254747251719418,-0.0006323343923662061,-0.0005342267547358245,0.0004642925745208744,-1.4490450518188385e-05,0.11494256978842747,-0.26673132033024366,-0.11599271697621481,-0.26284829724800984,0.002530325238327948,0.18502282340156828,0.0018342502975040348,-0.19765267815908324
1.994092045543744,1.994079112732624,1.993532480096944,0.031380904551102214,0.031069786988586378,0.04470113920828842,0.996110750091114,0.062056901626317496,-0.0625452996072197,-0.0006324639581075698,-0.00043658329512788485,0.0003756074718210572,-2.0347684424895787e-05,0.11825205541075984,-0.2558874024572993,-0.11925834494662352,-0.25216311949245956,0.002363350463293739,0.18545777081466347,0.0017846262799609508,-0.19755528256752114
1.9943994442121706,1.994383583796231,1.9939652510948203,0.030112269998490444,0.029838618766697043,0.041874116611787915,0.9961109785366299,0.062055013888999824,-0.0625435328294809,-0.0006326068263166473,-0.00035438298387258717,0.0003017873646460014,-2.3840722651612872e-05,0.12118091143796275,-0.24548125943329974,-0.12214505032724145,-0.2418978238809719,0.0022190363974885666,0.1856383616863818,0.0017351560123609567,-0.19721025857774768
1.9946945411127335,1.994676124947824,1.9943705183195994,0.028917809488770943,0.028680921575521264,0.039198654218522366,0.9961111625670538,0.06205349941533576,-0.06254210296022858,-0.0006327535785156768,-0.0002859964446188957,0.0002411551450675962,-2.5474788680764414e-05,0.1237842976799591,-0.2354960843470936,-0.12470792518425095,-0.23203774791708023,0.0020949631638220957,0.1856133941013398,0.0016861018733881168,-0.19666804173907332
1.9949780008590392,1.9949573915929735,1.9947497860190504,0.02778260169434419,0.027581355735725507,0.03667263822174308,0.9961113101175344,0.062052292713678785,-0.0625409487156933,-0.00063289714931721,-0.0002298787299889333,0.0001921322532731692,-2.5691970278855225e-05,0.12611130542850857,-0.2259157197090557,-0.1269960020603806,-0.22256869644312738,0.0019887681694414957,0.1854258321503401,0.0016375765840261451,-0.1959732269086784
1.9952503532528558,1.9952279005203064,1.995104531290742,0.026694544090132537,0.02652747498718747,0.03429273423585416,0.9961114281773985,0.06205133591946963,-0.0625400162698055,-0.0006330324797183854,-0.00018457353705294841,0.00015324507211952318,-2.4868903145686695e-05,0.12820532582296235,-0.21672460606313435,-0.1290526197368038,-0.2134768944062249,0.0018981943693454654,0.18511322791008958,0.0015895953726383588,-0.19516490854088642
1.9955120196729674,1.995488057005685,1.9954361930123101,0.02564399754540211,0.02550936485746544,0.032054617541617675,0.9961115228522556,0.062050578319724825,-0.06253925874649939,-0.0006331561748916724,-0.00014871682329140753,0.00012312847902543332,-2.3318413984379627e-05,0.13010443246026862,-0.20790774262585576,-0.13091580384257467,-0.20474895367063875,0.0018211243483017628,0.18470813587512006,0.001542115554435283,-0.19427703860079276
1.9957633360514455,1.9957381784425288,1.9957461630474012,0.02462345916505376,0.024519309490674133,0.02995319731899938,0.9961115994277088,0.06204997586330897,-0.06253863569851768,-0.0006332661827323565,-0.00012103957194529895,0.00010052708293476445,-2.1293942701995476e-05,0.13184177212987924,-0.19945065710813994,-0.13261865609013174,-0.19637185052022293,0.0017556025184727784,0.18423851818109635,0.001495065581907016,-0.19333879590775765
1.9960045727137445,1.995978514776478,1.9960357796177097,0.023627262147203208,0.023551485639917803,0.027982825120318685,0.996111662433752,0.06204949066225858,-0.06253811258250652,-0.0006333615037085501,-0.00010036953202650166,8.429460444359719e-05,-1.8995686988630903e-05,0.13344595805080448,-0.1913393824044642,-0.13418974642283704,-0.18833291109433525,0.0016998476142322605,0.18372813906692512,0.0014483655138942562,-0.19237496118369501
1.9962359513475831,1.9962092660107371,1.9963063226526978,0.02265130159864862,0.022601682743990235,0.02613748153920791,0.9961117157090187,0.062049090489810284,-0.06253766023836742,-0.0006334419376756816,-8.563183970723455e-05,7.339178616369564e-05,-1.6577595047469744e-05,0.1349414605434848,-0.18356043828840396,-0.1356535029269538,-0.18061980252904478,0.001652257477986175,0.18319694707265605,0.0014019406727674192,-0.19140629258758954
1.9964576593554801,1.9964305970382774,1.9965590108826978,0.021692785343332105,0.02166704813195617,0.02441093791860265,0.99611176246414,0.06204874828083628,-0.06253725437929644,-0.0006335078694535229,-7.584850318542538e-05,6.688315439708263e-05,-1.4154535686288378e-05,0.13634899066625195,-0.1761008166407826,-0.13703059496835757,-0.17322052803231888,0.0016114079011908702,0.1826614435116364,0.0013557300416432616,-0.19044989706245788
1.9966698618362868,1.9966426500477397,1.9967950004205595,0.020750008784715612,0.02074585644320867,0.022796892124252507,0.9961118053435639,0.062048441640155036,-0.06253687509765168,-0.000633560092141893,-7.013679598685475e-05,6.393289573156845e-05,-1.180917165553135e-05,0.1376858729656078,-0.1689479690633182,-0.13833830564399832,-0.16612342451027767,0.0015760470377839968,0.18213503581926804,0.0013096907210694512,-0.18951959339508248
1.996872711431563,1.996845554740677,1.997015384575258,0.019822152858780733,0.019837302335642022,0.021289078995271715,0.996111846485279,0.062048152363730284,-0.06253650639070737,-0.0006335996652804684,-6.770665128120868e-05,6.380006444576688e-05,-9.598234694137165e-06,0.1389664041122984,-0.16208979600323695,-0.13959089027042243,-0.15931716168652638,0.0015450866616461962,0.1816283744821278,0.0012637995354383815,-0.18862626347823194
1.9970663562627007,1.9970394365882358,1.997221194652517,0.018909104058140728,0.018941315500933364,0.01988135717044632,0.996111887577983,0.06204786597716446,-0.06253613570943847,-0.0006336278038845697,-6.785718205455956e-05,6.583329827205586e-05,-7.55804068128618e-06,0.14020219480407425,-0.1555146367389708,-0.14079991824925547,-0.15279074192416187,0.0015175913085515988,0.18114967239404461,0.0012180526660428132,-0.1877781888541874
1.9972509461741497,1.9972244233451701,1.9974134015179497,0.018011295435660043,0.018058396931708385,0.018567774671606037,0.9961119299153225,0.062047571295197175,-0.06253575353269758,-0.0006336457939343866,-6.997247042369807e-05,6.946518986315112e-05,-5.709188654905297e-06,0.14140249289681617,-0.1492112597596148,-0.14197459623808273,-0.14653350017698172,0.0014927661344114158,0.18070500566631256,0.0011724639976301446,-0.18698137019248035
1.9974266374867813,1.9974006500281203,1.9975929177238914,0.017129567421157534,0.017189475305386573,0.017342615988141175,0.9961119744469206,0.06204726000518626,-0.06253535296847305,-0.0006336549298857456,-7.351677635612963e-05,7.420643762926158e-05,-4.060460687302839e-06,0.14257448626734853,-0.1431688532168185,-0.1431220711035955,-0.14053510366947752,0.0014699441395010554,0.1802985951293633,0.0011270627020177392,-0.18623982790120042
1.9975935964534088,1.9975682625533402,1.9977606000291661,0.016265047217031182,0.01633578227488871,0.01620043352510322,0.996112021825986,0.062046926276822664,-0.06253492938333062,-0.0006336564700528121,-7.802931419416256e-05,7.963988086092577e-05,-2.6119855970162862e-06,0.14372358440597863,-0.1373770152424149,-0.14424771163443326,-0.1347855510409151,0.0014485732538014953,0.17993306799255654,0.0010818904463162826,-0.18555588258019917
1.9977520015958525,1.9977274202166357,1.9979172521693753,0.015419045484585935,0.015498745394748964,0.015136066216720439,0.9961120724533757,0.06204656639963819,-0.06253448006062952,-0.0006336516061626455,-8.311873717165195e-05,8.541450882396867e-05,-1.3577540728198036e-06,0.1448536781798271,-0.13182574401318412,-0.14535536843912522,-0.1292751707932985,0.0014282036505196374,0.1796096993664782,0.0010369985031027096,-0.18493041448899475
1.9979020450898526,1.9978782971853142,1.9980636277624129,0.01459296899628955,0.01467989736704029,0.014144647922950254,0.9961121265180445,0.06204617844923022,-0.06253400388765751,-0.0006336414439045215,-8.845745774536846e-05,9.12395207144703e-05,-2.875817750296628e-07,0.1459673775971713,-0.12650542751012342,-0.14644761184780544,-0.12399461896180922,0.0014084755509445625,0.1793286335882137,0.0009924449528387672,-0.1843631016178486
1.9980439333507796,1.9980210831586516,1.9982004332587884,0.013788247911693674,0.013880800266946342,0.013221607964404532,0.9961121840338777,0.06204576198256039,-0.0625335010714416,-0.0006336269918280516,-9.377591681612816e-05,9.687850219295693e-05,6.113845234107078e-07,0.14706622773825903,-0.12140683296743639,-0.14752594797496843,-0.11893487598429246,0.0013891077010611556,0.1790890855158891,0.0009482921017361396,-0.18385263631533716
1.9981778869596625,1.9981559833399438,1.9983283308683821,0.013006276336225519,0.013102983402975674,0.01236266584691,0.996112244872955,0.06204531776219107,-0.0625329728826582,-0.0006336091564419231,-9.885689915429861e-05,0.00010214377415792939,1.3535305410390173e-06,0.14815090330095235,-0.11652109603968215,-0.14859101338612307,-0.11408724278775242,0.0013698866355956742,0.178889522167548,0.0009046041877979086,-0.18339692073967173
1.998304140055727,1.998283217849805,1.9984479414141827,0.0122483648411977,0.012347893480582862,0.011563821908983017,0.9961123087953292,0.06204484750890629,-0.06253242142678506,-0.0006335887418067124,-0.00010352997656377102,0.00010689096014924493,1.95393168262236e-06,0.14922138244290803,-0.11183970973720694,-0.14964274904665806,-0.10944333613819449,0.0013506567953278953,0.17872782526622635,0.0008614454107639395,-0.1829932416653997
1.998422939308585,1.9984030206972092,1.9985598470793402,0.011515703658189241,0.011616855768373471,0.010821345314092474,0.9961123754754524,0.06204435368181959,-0.06253184944140398,-0.0006335664522913379,-0.0001076661451919016,0.00011101381013669513,2.4277397541723467e-06,0.15027710078938086,-0.10735451319272511,-0.15068055442022268,-0.10499508331849806,0.0013313115257696793,0.17860143541474094,0.0008188782953351792,-0.18263842539440686
1.998534542570572,1.998515638411976,1.9986645940266283,0.010809335309026658,0.010911045010709696,0.010131760518918847,0.9961124445253973,0.06204383928479489,-0.062531260118376,-0.0006335428974729645,-0.00011117270935638574,0.00011443931038330897,2.7897468353744685e-06,0.15131708662120838,-0.10305768032791322,-0.15170342273059967,-0.10073471620975324,0.0013117849572440833,0.17850747875861206,0.0007769623789380865,-0.18232897369354034
1.9986392172976386,1.998621328430106,1.9987626948794255,0.010130135491421695,0.010231464886815802,0.009491833087834745,0.9961125155150526,0.06204330769779456,-0.06253065694946514,-0.0006335185984096128,-0.00011398845154316295,0.0001171231015750715,3.0540844780036464e-06,0.15234007836538663,-0.09894170848992757,-0.1527100585097576,-0.09665476485661224,0.0012920447459544668,0.17844287710338802,0.0007357532034242459,-0.18206118181436365
1.9987372388157203,1.9987203573117003,1.9988546310608855,0.00947880110743824,0.009578934881851566,0.008898555497295308,0.9961125879894839,0.062042762531612054,-0.06253004359388091,-0.0006334939947111707,-0.0001160791169465831,0.00011904522050442458,3.234025400781585e-06,0.15334462558519327,-0.09499940712530304,-0.153698978629906,-0.09274805059824588,0.0012720856411317584,0.17840444253413143,0.0006953015828823633,-0.1818312397474712
1.9988288884987573,1.9988129988602086,1.9989408549934593,0.008855844395067267,0.008954083507477088,0.008349133383284187,0.9961126614836654,0.06204220750434076,-0.0625294237661393,-0.0006334694519866956,-0.00011743323107782511,0.00012020617431320148,3.3418622513984245e-06,0.15432917471225654,-0.09122388655388843,-0.1546685980631947,-0.08900767884466713,0.0012519238334432743,0.17838895764143126,0.0006556531159153137,-0.18163531792844784
1.9989144519145081,1.9988995322014993,1.9990217921646787,0.008261592200219197,0.008357346886003458,0.007840972529597113,0.9961127355347896,0.062041646337867004,-0.06252880114260267,-0.0006334452693622907,-0.00011805826051387694,0.000120623350672919,3.388843912685645e-06,0.15529214078331435,-0.08760854689920976,-0.15561730163325635,-0.08542703157441965,0.0012315920334727982,0.1783932424920067,0.0006168479093375837,-0.18146963864893242
1.9989942169850776,1.9989802398717877,1.999097843067481,0.007696189505588781,0.007788971791401422,0.007371666772111155,0.9961128096923682,0.06204108267265005,-0.06252817928504902,-0.000633421686852058,-0.00011797711970900584,0.00012032776231566959,3.385154438425662e-06,0.15623196644339177,-0.08414706722460438,-0.1565435030218667,-0.0819997596246286,0.0012111352254051448,0.17841420949509237,0.000578920480546304,-0.1813305344381775
1.9990684722006442,1.999055405954791,1.9991693850246348,0.007159606412560956,0.007249022320585636,0.006938986900796363,0.996112883526335,0.062040519999056694,-0.06252756157963439,-0.0006333988924310617,-0.00011722502083736947,0.00011936112003435322,3.3399232357932977e-06,0.1571471694581994,-0.0808333949171349,-0.15744569227507327,-0.0787197748386963,0.001190607039420387,0.17844890731082763,0.0005418998072646212,-0.18121449467163742
1.9991375049172184,1.9991253143006065,1.9992367739073047,0.006651647851309051,0.006737389448124524,0.006540870573040781,0.9961129566333592,0.06203996160354961,-0.0625269511896473,-0.0006333770287091132,-0.00011584665876531236,0.00011777322463037719,3.2612577930469228e-06,0.1580363799448606,-0.07766173535403155,-0.15832247301939342,-0.07558124213087379,0.0011700666862198088,0.17849455492635785,0.0005058094955441749,-0.18111820163687634
1.9992015997624188,1.9991902468517437,1.9993003457576946,0.006171965371419897,0.006253802795704206,0.006175413204643836,0.9961130286415639,0.06203941052808041,-0.06252635102050502,-0.0006333561991415454,-0.00011389371934894594,0.00011561966527786724,3.1562922729027475e-06,0.1588983684844537,-0.07462654187947199,-0.15917259055296357,-0.07257857152082171,0.0011495763981762394,0.17854856699178875,0.00047066803954655704,-0.18103855724661763
1.9992610371671404,1.9992504820954247,1.9993604183252183,0.005720070439901587,0.005797844023374522,0.00584085977442768,0.9961130992138497,0.06203886954110785,-0.06252576369550956,-0.0006333364737411439,-0.0001114226962061448,0.00011295980936070754,3.031246820081591e-06,0.1597320662248489,-0.0717225061130508,-0.1599949519213981,-0.06970641018527544,0.0011291993235206415,0.178608571463902,0.0004364891494852915,-0.1809727015369262
1.9993160920356188,1.999306293655712,1.999417292524919,0.0052953487446084245,0.005368961322092613,0.00553559746089751,0.9961131680499967,0.06203834111874259,-0.06252519154095611,-0.0006333178942763078,-0.00010849299881746029,0.00010985506698243773,2.891493595378433e-06,0.16053657802019583,-0.06894454860541459,-0.16078863902586302,-0.06695963456817737,0.0011089978225054496,0.17867242055287408,0.00040328212704365005,-0.18091802402792947
1.9993670325617192,1.9993579490341604,1.9994712538260053,0.00489707506843398,0.004966484555789482,0.005258149021172526,0.9961132348877216,0.062037827434611476,-0.06252463657927414,-0.0006333004789561079,-0.00010516533316867468,0.00010636741199899737,2.741626442447777e-06,0.16131118958617413,-0.06628780985128879,-0.1615529157434966,-0.06433334258520915,0.0010890321174346629,0.17873819590818843,0.00037105227047776456,-0.18087216895744931
1.9994141191952473,1.9994057085034984,1.9995225735774607,0.004524428362696679,0.004589640665699699,0.005007166820293221,0.9961132995028459,0.06203733035713149,-0.0625241005289722,-0.000633284226614399,-0.00010150033507276625,0.00010255814053550147,2.585531794571633e-06,0.1620553695795132,-0.063747641665514,-0.1622872299695743,-0.061822845953599145,0.0010693592516716898,0.17880420891634316,0.00033980129439049937,-0.18083303532649206
1.9994576037586613,1.999449824155277,1.9995715102767706,0.004176506706714155,0.00423756900972338,0.004781427420124556,0.9961133617087222,0.06203685145298512,-0.06252358481025205,-0.0006332691204134807,-9.755743571701389e-05,9.848684746585382e-05,2.426458983916586e-06,0.16276876743784008,-0.06131959892372959,-0.1629912114182518,-0.05942366267341296,0.0010500323161099219,0.17886899691647684,0.0003095277517658074,-0.18079877262151017
1.999497728711709,1.9994905390994355,1.9996183107869192,0.0038523418944789007,0.0039093363649534705,0.0045798266388234615,0.9961134213550534,0.06203639199569177,-0.06252309055525576,-0.0006332551310936717,-9.33939387987479e-05,9.421060120727765e-05,2.2670885635809875e-06,0.16345120774294294,-0.05899943166595999,-0.16366466594563683,-0.057131509682265984,0.0010310999050239021,0.17893131607210555,0.0002802274482510755,-0.18076777300325284
1.9995347265591716,1.9995280868112624,1.9996632115059043,0.0035509134385458886,0.0036039513721163358,0.004401374991783332,0.9961134783262252,0.06203595297827313,-0.06252261862200512,-0.0006332422197990689,-8.906428877564105e-05,8.9783297363619e-05,2.109597617435621e-06,0.1641026817981573,-0.05678307755853396,-0.16430756708646221,-0.054942295701518,0.001012605766636665,0.17899013156902557,0.00025189384084583295,-0.1807386606771722
1.9995688193950247,1.9995626906192654,1.999706439492126,0.0032711618257379674,0.003320378246538186,0.004245193420651687,0.9961135325392608,0.062035535129111294,-0.06252216961118906,-0.0006332303405121253,-8.461951020275081e-05,8.525517219022605e-05,1.9557213310492666e-06,0.16472333703973183,-0.054666654707449455,-0.164920045424695,-0.05285211428850473,0.0009945886170834686,0.17904460574214318,0.0002245184150897331,-0.18071027908684914
1.9996002185748758,1.9995945633259051,1.9997482135479931,0.0030120008991482644,0.003057549621431897,0.004110509205747363,0.9961135839414985,0.06203513893019726,-0.06252174388504722,-0.0006332194421308095,-8.010679880426925e-05,8.067245750549775e-05,1.8068103411696356e-06,0.16531346483348638,-0.05264645481443151,-0.16550237634979242,-0.05085723710620839,0.0009770820896794071,0.1790940846684257,0.0001980910365398856,-0.18068167650064149
1.999629124507462,1.9996239069520034,1.9997887452629592,0.0027723292763077445,0.0028143784259256743,0.003996651935741803,0.9961136325080697,0.06203476463706148,-0.06252134158768691,-0.0006332094702222601,-7.556924578657548e-05,7.607715950092138e-05,1.6638835804690341e-06,0.16587348714245645,-0.05071893666546225,-0.16605496668463152,-0.04895410741894015,0.0009601147944752139,0.1791380837000337,0.0001726002737927707,-0.18065209049346387
1.9996557265552521,1.999650912594821,1.9998282400157408,0.002551040744472507,0.002589768732501176,0.0039030493726474186,0.9961136782392638,0.0620344122997683,-0.06252096266625636,-0.0006332003684862518,-7.104567789821487e-05,7.150694485635845e-05,1.52767649442467e-06,0.16640394248902068,-0.04888071994042866,-0.16657834060887833,-0.04713933382006996,0.0009437104659882695,0.1791762723515668,0.00014803369154918735,-0.18062093176083727
1.9996802030337413,1.9996757603892892,1.9998668979335876,0.0023470336009887237,0.0023826255365888976,0.003829222994320886,0.9961137211578318,0.06203408178444023,-0.06252060689247615,-0.0006331920799606021,-6.657059684115998e-05,6.699511862718874e-05,1.3986846343271925e-06,0.1669054715765916,-0.04712857933167517,-0.1670731252430971,-0.045409684195554585,0.0009278881797085901,0.1792084588986528,0.00012437811325545476,-0.18058776764151052
1.9997027212988276,1.9996986195616344,1.9999049148038683,0.0021592189298601776,0.002191863455226541,0.0037747829129733523,0.9961137613062955,0.06203377279485713,-0.06252027388410615,-0.0006331845479990579,-6.21742028080825e-05,6.257067949074784e-05,1.2772027288817968e-06,0.16737880288157816,-0.04545943895859681,-0.16754003620447996,-0.04376207992494115,0.0009126626204929991,0.17923457499215234,0.00010161985369613617,-0.18055230566834277
1.9997234379116742,1.9997196485646085,1.9999424829296086,0.0019865278252422427,0.0020164143521887593,0.003739421745469379,0.9961137987442976,0.06203348489374757,-0.06251996312599353,-0.0006331777170502852,-5.788248812822979e-05,5.825843910671366e-05,1.1633594105769742e-06,0.16782473847616194,-0.043870367064896124,-0.1679798633948719,-0.042193590319606684,0.0008980443882706751,0.1792546605432276,7.974492257993073e-05,-0.18051437741491266
1.9997424988706425,1.999738995283698,1.9999797919154942,0.001827917588898431,0.0018552339141261695,0.0037229068336940524,0.9961138335460382,0.06203321752345706,-0.06251967399041108,-0.0006331715332645151,-5.37173882284692e-05,5.407919352500588e-05,1.0571478262865964e-06,0.16824414029654775,-0.04235857098467204,-0.16839345723584792,-0.040701427296173764,0.0008840403285899302,0.17926884908955112,5.873920066862025e-05,-0.1804739228575651
1.9997600399002382,1.999756797304004,2.0000170293635526,0.0016823769419718091,0.0017073072162996934,0.003725069958471935,0.9961138657978248,0.062032970025738106,-0.06251940575645214,-0.0006331659449521993,-4.969697833297261e-05,5.004993575450155e-05,9.584523964229654e-07,0.16863791702976344,-0.04092139236302188,-0.1687817155239829,-0.03928294028123875,0.0008706538774427955,0.17927735381202622,3.858859036642015e-05,-0.1804309754293067
1.9997761867874493,1.9997731822279352,2.000054381447349,0.0015489303020371505,0.0015716533277594811,0.003745793326355193,0.9961138955957597,0.06203274166046135,-0.06251915762829939,-0.0006331609029168134,-4.5835705517166665e-05,4.6184099763763924e-05,8.670720080306388e-07,0.16900701175474347,-0.03955630261620621,-0.1691455710420829,-0.037935611341664115,0.0008578854115166545,0.17928045433451634,1.9279142930312317e-05,-0.18038564790303369
1.9997910557564291,1.9997882680343864,2.000092033318721,0.0014266411846043038,0.0014473290145930223,0.0037849900893626763,0.9961139230435848,0.062032531623096306,-0.06251892875223163,-0.0006331563606817574,-4.214464688266203e-05,4.249182731005247e-05,7.827399358986837e-07,0.1693523904402371,-0.03826089861551225,-0.16948598002892812,-0.03665705053258905,0.0008457325965483741,0.17927848440612257,7.971645961545551e-07,-0.18033811920688086
1.9998047538730845,1.9998021634707144,2.00013016927999,0.0013146147943296697,0.0013334316064494902,0.003842576918354569,0.9961139482506935,0.06203233906085301,-0.06251871823227179,-0.0006331522746291756,-3.863178571939457e-05,3.898025007694188e-05,7.051407851179727e-07,0.169675031372906,-0.03703289857757225,-0.16980391158087457,-0.0354449914528295,0.0008341907278048034,0.1792718205363583,-1.687069604604846e-05,-0.18028862224381512
1.9998173794718144,1.9998149684694835,2.0001689726245186,0.0012119998754481765,0.0012291010962290588,0.003918435098506972,0.9961139713303211,0.062032163087413855,-0.06251852514441518,-0.0006331486040664915,-3.53022985530805e-05,3.565378063231035e-05,6.339247416873144e-07,0.16997591556365552,-0.03587013814180822,-0.17010033803331293,-0.034297286994234254,0.000823253057893314,0.17926087162793744,-3.373737714032787e-05,-0.1802374327607294
1.9998290225973487,1.9998267745826799,2.0002086250057065,0.0011179898936461811,0.0011335215458954761,0.0040123551184316104,0.9961139923979156,0.06203200279621763,-0.06251834854940676,-0.0006331453112345374,-3.215884693744937e-05,3.251440669916012e-05,5.687194053231505e-07,0.17025601815861,-0.034770566612552956,-0.17037622634832456,-0.033211905267514365,0.0008129111081262611,0.17924606962958367,-4.9815346951447224e-05,-0.18018485928893144
1.9998397654553752,1.9998376654268266,2.0002493051335555,0.0010318236230391995,0.0010459218731164299,0.004123957595244946,0.9961140115696911,0.06203185727228622,-0.06251818750406117,-0.0006331423612693485,-2.9201868724553394e-05,2.9561984156271696e-05,5.091394663945395e-07,0.1705163008630274,-0.033732243338785904,-0.17063253051672472,-0.03218692568161776,0.0008031549605322509,0.17922786121199982,-6.511655957948296e-05,-0.1801312341577564
1.999849682866368,1.999847717133188,2.000291186511247,0.0009527852123843436,0.0009655760941522786,0.0042525803494171885,0.996114028961362,0.06203172560260853,-0.06251804107114063,-0.0006331397221279768,-2.6429864333021338e-05,2.6794525060573238e-05,4.547944771546021e-07,0.17075770537169013,-0.032753334197686404,-0.17087018496788847,-0.031220535146253767,0.0007939735283320583,0.17920670045359977,-7.965242129765071e-05,-0.18007690556569586
1.999858842717791,1.9998569987979993,2.0003344338007527,0.0008802038044453136,0.000891803098405761,0.004397117135876019,0.9961140446870514,0.06203160688511659,-0.06251790832782159,-0.0006331373644870065,-2.3839674211758085e-05,2.4208477812095516e-05,4.052949617607343e-07,0.1709811477877851,-0.03183210813845812,-0.17109009896918304,-0.030311024356798614,0.0007853548032832874,0.17918304250844444,-9.343376615174822e-05,-0.1800222306785279
1.9998673064105696,1.9998655729284232,2.0003791972309415,0.0008134527818637228,0.0008239660296469885,0.004555787411625801,0.9961140588583733,0.06203150023630684,-0.06251778837279401,-0.0006331352616207756,-2.142674426517533e-05,2.1798997382343385e-05,3.602571135442342e-07,0.17118751400392082,-0.030966933728863402,-0.17129315198840317,-0.029456784106291174,0.0007772860787482243,0.1791573382166392,-0.00010647083989202126,-0.17996756971098624
1.9998751292964652,1.999873495880666,2.00042560421189,0.000751948712346661,0.0007614713485198063,0.004725807807080865,0.9961140715836746,0.062031404797573936,-0.06251768033204509,-0.0006331333892644948,-1.918537643532646e-05,1.956020430886924e-05,3.193063480712993e-07,0.1713776560137217,-0.030156275626854648,-0.17148018998731465,-0.028656301548799654,0.0007697541476533105,0.17913002960677912,-0.00011877329185178143,-0.17991328093698153
1.9998823611037124,1.9998808182874526,2.0004737469637996,0.0006951500659065269,0.0007037676509774573,0.004902923576159594,0.9961140829674316,0.062031319740338056,-0.06251758336338403,-0.0006331317254654064,-1.7108961913588925e-05,1.7485431955277553e-05,2.8208001642949727e-07,0.1715523891205037,-0.029398690871097102,-0.17165202261236018,-0.027908156309620524,0.0007627454746813752,0.17910154623032162,-0.00013035017507571526,-0.17985971656263025
1.9998890463490107,1.9998875854727898,2.000523664463564,0.0006425557778573664,0.000650344318371494,0.005080740675544489,0.9961140931097929,0.062031244270059765,-0.06251749665976433,-0.000633130250422639,-1.5190194531113218e-05,1.556746237929514e-05,2.4822964230024705e-07,0.17171249001113847,-0.02869282484349987,-0.17180942125002524,-0.027211016297044515,0.0007562463420585753,0.17907230225835385,-0.00014120995588532567,-0.17980721938554647
1.999895224734712,1.9998938378527438,2.0005753162931965,0.0005937037340465166,0.0006007300778073336,0.005249774057159017,0.9961141021062554,0.062031177629248646,-0.06251741945145622,-0.0006331289463133359,-1.3421261714618206e-05,1.379875209361183e-05,2.1742311654334546e-07,0.17185869566883658,-0.028037406699103904,-0.17195311791975962,-0.026563633012826375,0.0007502429681484111,0.1790426942612569,-0.0001513605352233699,-0.17975612015197312
1.9999009315308447,1.9998996113217462,2.000628544951914,0.0005481692604407039,0.0005544915571614659,0.005396092107903925,0.9961141100474653,0.062031119099587514,-0.06251735100711141,-0.0006331277970987752,-1.1794009901127436e-05,1.2171650116012228e-05,1.8934734928973736e-07,0.17199170310900105,-0.027431243976768032,-0.17208380498745732,-0.02596483607703407,0.0007447215977159416,0.1790130995801581,-0.0001608092856499559,-0.17970673550901137
1.9999061979424757,1.999904937624862,2.000683021739517,0.0005055637092069192,0.0005112319293686425,0.005499386468627546,0.996114117019134,0.06203106800331265,-0.06251729063374661,-0.0006331267882995078,-1.0300080385020073e-05,1.0678612082059255e-05,1.637118959805622e-07,0.17211216993869952,-0.02687321598817972,-0.17220213569844567,-0.02541352656784296,0.0007396685621318211,0.17898387518435505,-0.0001695631099221773,-0.1796593664306389
1.9999110514639242,1.999909844717466,2.0007381692504684,0.00046553325005251625,0.00047058975748578584,0.005530224355286067,0.9961141231020567,0.06203102370401622,-0.06251723767564714,-0.000633125906723191,-8.931010051715644e-06,9.312415975914113e-06,1.4025395753674634e-07,0.17222071576436823,-0.026362265419111828,-0.17230872555237461,-0.024908668614509168,0.0007350703068813089,0.17895535688914382,-0.00017762852989271658,-0.17961429697094317
1.9999155162225586,1.9999143571150277,2.000793050576554,0.00042775800214572867,0.00043223817899215627,0.005446137951491595,0.9961141283722258,0.062030985607073534,-0.06251719151215589,-0.0006331251401233964,-7.678289119984342e-06,8.066387409049731e-06,1.1874476066688972e-07,0.17231792450647074,-0.02589738734686241,-0.17240415457561992,-0.02444927845366541,0.0007309133824292947,0.17892785878107034,-0.00018501181831494844,-0.1795717931627575
1.9999196133164607,1.9999184962373049,2.0008462111324463,0.0003919516835326132,0.0003958846099449378,0.00518605958980123,0.9961141329010251,0.06203095315995031,-0.06251715155426105,-0.0006331244767636475,-6.533364546808416e-06,6.934645620529337e-06,9.899642685926856e-08,0.1724043477271491,-0.025477614556555086,-0.17248897059289592,-0.02403440984053,0.0007271843926243139,0.17890167265905468,-0.0001917191914653259,-0.17953210183032053
1.9999233611523346,1.999922280753358,2.000895453068572,0.00035786201960833066,0.00036127121503904525,0.0046624040094291825,0.9961141367554985,0.062030925852721,-0.06251711723982335,-0.0006331239048608409,-5.4875727293258e-06,5.912385874726836e-06,8.08667126546148e-08,0.17248050914145083,-0.025101997594642628,-0.17256369366260457,-0.023663134266042773,0.0007238698921959829,0.17887706724558725,-0.00019775708785976364,-0.17949544901511513
1.9999267757929442,1.999925726936772,2.0009375137736054,0.0003252722527953256,0.000328176491278067,0.003749803973526197,0.9961141399986788,0.062030903219239035,-0.06251708802718003,-0.000633123411890117,-4.531978100557289e-06,4.996220212214286e-06,6.425606650352879e-08,0.17254691056910693,-0.024769577392974407,-0.1726288219245055,-0.023334513831024053,0.0007209562212281988,0.17885428684674304,-0.00020313256848391965,-0.17946203761800436
1.999929871327548,1.9999288490447116,2.000967607934178,0.00029400425353002396,0.00029641847229485834,0.0022690859772966747,0.9961141426899657,0.0620308848395496,-0.06251706338672275,-0.0006331229837545525,-3.6570865955403946e-06,4.184605954803344e-06,4.9087271970458444e-08,0.17260403969639423,-0.024479347493799136,-0.17268483921773867,-0.02304756383204033,0.0007184292594200733,0.17883354903720788,-0.0002078538877275865,-0.179432043731301
1.999932660285019,1.9999316597407397,2.000978775503671,0.0002639239839921612,0.0002658603135158871,-3.552389844679289e-05,0.9961141448855506,0.062030870344177626,-0.0625170427899096,-0.0006331226038564142,-2.8524551525351255e-06,3.478381007772591e-06,3.5260394799900354e-08,0.17265238015775303,-0.024230201885470995,-0.17273222496342958,-0.02280120110110452,0.0007162740761202974,0.1788150408126621,-0.00021193130234615246,-0.17940561096719415
1.9999351541149204,1.999934170587025,2.0009609550950684,0.00023494906199472045,0.00023641802611692493,-0.0035285164510407366,0.9961141466389675,0.06203085942052011,-0.06251702569413602,-0.0006331222526757142,-2.106361076658543e-06,2.8817810618662003e-06,2.2349308201490162e-08,0.17269242483994385,-0.02402086335729652,-0.17277146719541123,-0.022594173045954482,0.0007144744450096134,0.178798912747769,-0.0002153782073364122,-0.17938284215074407
1.999937363743037,1.9999363926131601,2.000899670969076,0.00020705636464304818,0.0002080683392399816,-0.008728264981976545,0.9961141480018297,0.06203085182301195,-0.06251701152088746,-0.0006331219095162625,-1.4048198171120577e-06,2.4039361131725567e-06,8.79441446419608e-09,0.1727246950449947,-0.02384978645802923,-0.17280308135216058,-0.022424961508133688,0.0007130121868559956,0.17878527219886298,-0.00021821271463242034,-0.17936378923118984
1.9999393002403836,1.9999383370014863,2.000774166134216,0.00018029730910423586,0.00018086432566276388,-0.01637263982536892,0.9961141490245589,0.0620308473900469,-0.06251699962731579,-0.0006331215559617834,-7.300666735951633e-07,2.0598236906053015e-06,-8.281817321389002e-09,0.17274976472955514,-0.02371502784414059,-0.17282763401946968,-0.02229165428829099,0.0007118662674122687,0.17877417281448946,-0.00022045982055796833,-0.1793484384788496
1.999940975664786,1.9999400159491922,2.000554743635971,0.00015481575480658018,0.00015495380841094866,-0.027511744680295436,0.9961141497568682,0.062030846071570125,-0.06251698927109599,-0.0006331211805796677,-5.800549139600895e-08,1.8718214111575143e-06,-3.378831404171839e-08,0.17276828900673316,-0.023614078216831428,-0.17284577078439878,-0.022191778574456228,0.0007110115813194034,0.17876559794502075,-0.00022215430621595807,-0.17933668843537137
1.9999424040914153,1.999941443725698,2.0001989862102922,0.0001308668814792498,0.00013059900975488656,-0.043639498837996046,0.9961141502478681,0.062030847972411256,-0.0625169795656843,-0.0006331207862774538,6.453807495080722e-07,1.8718445751055414e-06,-7.56054826379029e-08,0.17278103719801227,-0.02354365732121519,-0.17285824849302356,-0.02212209769799107,0.0007104174057771552,0.1787594385804241,-0.00022334440609079721,-0.17932832137276816
1.9999436028192195,1.9999426379157967,1.9996463828106754,0.00010883087278005827,0.00010819145804482814,-0.06688065880748197,0.9961141505455433,0.06203085341752822,-0.06251696942380806,-0.000633120400295351,1.4292952301477495e-06,2.103979328068803e-06,-1.4551886840141028e-07,0.1727889263289826,-0.023499492061484772,-0.1728659678805921,-0.022078391043039543,0.0007100456450097913,0.17875546703045322,-0.00022409597058724903,-0.17932297020829907
1.9999445936322875,1.9999436207337755,1.9988106907602106,8.920491696656826e-05,8.824602387383422e-05,-0.10025662801516971,0.9961141506952402,0.06203086304714813,-0.06251695748705607,-0.0006331200853990188,2.3654951413708705e-06,2.627985502019046e-06,-2.599099869380276e-07,0.17279304318780914,-0.023476143435745347,-0.17286999494440566,-0.022055282156390466,0.0007098493577168462,0.17875331206228523,-0.00022449603888035285,-0.17932008873742172
1.9999454037380453,1.9999444200417793,1.997569079501864,7.253584615075933e-05,7.133711296668571e-05,-0.1480632386365605,0.9961141507370871,0.06203087794685387,-0.06251694203781019,-0.0006331199492328015,3.556609518942759e-06,3.5243535327318357e-06,-4.3985929847952665e-07,0.17279462640478094,-0.023467051179439126,-0.172871543170974,-0.022046282335917537,0.0007097729411458256,0.17875245235254855,-0.00022465284983849273,-0.17931894729039424
1.9999460654339152,1.9999450691457856,1.995746699989094,5.921160304719736e-05,5.789662956399562e-05,-0.21640766131244465,0.9961141507033097,0.06203089976187417,-0.06251692092860574,-0.0006331201446168212,5.124514255756045e-06,4.884951932236432e-06,-7.070554252879951e-07,0.17279494557363162,-0.023465188267024456,-0.17287185516178924,-0.022044438190002447,0.0007097572850147166,0.1787522708710416,-0.00022468518001407452,-0.1793187083041176
1.9999466123047915,1.9999456032167633,1.9930948762822758,4.893300132701313e-05,4.7698551442120235e-05,-0.31394669136946307,0.9961141506065203,0.06203092990431017,-0.06251689255637778,-0.0006331207675461283,6.865247457905669e-06,6.409595980189084e-06,-9.989192278944732e-07,0.17279494577378865,-0.023465187962961712,-0.1728718553608958,-0.022044437892496216,0.0007097572815342546,0.1787522709903426,-0.00022468518316736254,-0.17931870841564945
